"formulario_id";"importacao_id";"arquivo_nome";"processado_em";"total_abas";"aba_origem";"formulario_index";"cliente";"titulo_plano";"numero_acordo";"periodo_original";"periodo_inicio";"periodo_fim";"periodo_normalizado";"periodo_status";"periodo_acoes_original";"periodo_acoes_inicio";"periodo_acoes_fim";"periodo_acoes_normalizado";"periodo_acoes_status";"cadastro_vinculado_id";"bloco_origem";"linha_ordem";"secao_interna";"categoria_secao";"produto";"litragem";"versao";"abrangencia";"row_excel";"linha_original"
"1";"1";"Base JBP e acordos comerciais.xlsx";"2026-03-13 09:08:13";"31";"STOK";"1";"STOK CENTER/ZAFFARI";"JBP";"NULL";"JANEIRO/25 À DEZEMBRO/25";"2025-01";"2025-12";"2025-01 a 2025-12";"normalizado";"NULL";"NULL";"NULL";"NULL";"NULL";"1";"cadastros_vinculados";"1";"CADASTROS PARA TODAS AS LOJAS";"cadastro";"Amac. Concentrado";"1,5L";"Azul";"NULL";"63";"Amac. Concentrado | 1,5L | Azul | Todas as lojas"
"1";"1";"Base JBP e acordos comerciais.xlsx";"2026-03-13 09:08:13";"31";"STOK";"1";"STOK CENTER/ZAFFARI";"JBP";"NULL";"JANEIRO/25 À DEZEMBRO/25";"2025-01";"2025-12";"2025-01 a 2025-12";"normalizado";"NULL";"NULL";"NULL";"NULL";"NULL";"2";"cadastros_vinculados";"2";"CADASTROS PARA TODAS AS LOJAS";"cadastro";"Pack promocional";"1L";"Pack Amaciante concentrado 30%";"NULL";"64";"Pack promocional | 1L | Pack Amaciante concentrado 30% | Todas as lojas"
"1";"1";"Base JBP e acordos comerciais.xlsx";"2026-03-13 09:08:13";"31";"STOK";"1";"STOK CENTER/ZAFFARI";"JBP";"NULL";"JANEIRO/25 À DEZEMBRO/25";"2025-01";"2025-12";"2025-01 a 2025-12";"normalizado";"NULL";"NULL";"NULL";"NULL";"NULL";"3";"cadastros_vinculados";"1";"LIBERAÇÃO PARA TODAS AS LOJAS - EM ANÁLISE";"liberacao";"Lava Roupas";"5L";"Ternura";"NULL";"68";"Lava Roupas | 5L | Ternura | Todas as lojas"
"1";"1";"Base JBP e acordos comerciais.xlsx";"2026-03-13 09:08:13";"31";"STOK";"1";"STOK CENTER/ZAFFARI";"JBP";"NULL";"JANEIRO/25 À DEZEMBRO/25";"2025-01";"2025-12";"2025-01 a 2025-12";"normalizado";"NULL";"NULL";"NULL";"NULL";"NULL";"4";"cadastros_vinculados";"2";"LIBERAÇÃO PARA TODAS AS LOJAS - EM ANÁLISE";"liberacao";"Amac. Concentrado";"1,5L";"Ternura | Misterio";"NULL";"69";"Amac. Concentrado | 1,5L | Ternura | Misterio | Todas as lojas"
"2";"1";"Base JBP e acordos comerciais.xlsx";"2026-03-13 09:08:13";"31";"COMERCIAL SERRA";"1";"COMERCIAL SERRA";"PLANO DE NEGÓCIOS";"NULL";"JANEIRO À DEZEMBRO/26";"2026-01";"2026-12";"2026-01 a 2026-12";"normalizado";"NULL";"NULL";"NULL";"NULL";"NULL";"5";"cadastros_vinculados";"1";"CADASTRO";"cadastro";"Lava Roupas Pó";"800g e 4Kg";"Multiação | Flores Brancas";"NULL";"56";"Lava Roupas Pó | 800g e 4Kg | Multiação | Flores Brancas"
"2";"1";"Base JBP e acordos comerciais.xlsx";"2026-03-13 09:08:13";"31";"COMERCIAL SERRA";"1";"COMERCIAL SERRA";"PLANO DE NEGÓCIOS";"NULL";"JANEIRO À DEZEMBRO/26";"2026-01";"2026-12";"2026-01 a 2026-12";"normalizado";"NULL";"NULL";"NULL";"NULL";"NULL";"6";"cadastros_vinculados";"2";"CADASTRO";"cadastro";"Lava Roupas Lavagem Rápida";"1L";"Total Clean (789.8302.00645-4) | Fresh Clean (789.8302.00646-1)";"NULL";"57";"Lava Roupas Lavagem Rápida | 1L | Total Clean (789.8302.00645-4) | Fresh Clean (789.8302.00646-1)"
"2";"1";"Base JBP e acordos comerciais.xlsx";"2026-03-13 09:08:13";"31";"COMERCIAL SERRA";"1";"COMERCIAL SERRA";"PLANO DE NEGÓCIOS";"NULL";"JANEIRO À DEZEMBRO/26";"2026-01";"2026-12";"2026-01 a 2026-12";"normalizado";"NULL";"NULL";"NULL";"NULL";"NULL";"7";"cadastros_vinculados";"3";"CADASTRO";"cadastro";"Lava Roupas Lavagem Rápida";"1,5L";"Total Clean (789.8302.00647-8) | Fresh Clean (789.8302.00648-5)";"NULL";"58";"Lava Roupas Lavagem Rápida | 1,5L | Total Clean (789.8302.00647-8) | Fresh Clean (789.8302.00648-5)"
"3";"1";"Base JBP e acordos comerciais.xlsx";"2026-03-13 09:08:13";"31";"RAGAN";"1";"RAGAN";"PLANO DE INTRODUÇÃO";"NULL";"NULL";"NULL";"NULL";"NULL";"NULL";"NULL";"NULL";"NULL";"NULL";"NULL";"8";"cadastros_vinculados";"1";"CADASTRO";"cadastro";"Lava Roupas";"3L + 5L";"Multiação";"NULL";"45";"Lava Roupas | 3L + 5L | Multiação"
"3";"1";"Base JBP e acordos comerciais.xlsx";"2026-03-13 09:08:13";"31";"RAGAN";"1";"RAGAN";"PLANO DE INTRODUÇÃO";"NULL";"NULL";"NULL";"NULL";"NULL";"NULL";"NULL";"NULL";"NULL";"NULL";"NULL";"9";"cadastros_vinculados";"2";"CADASTRO";"cadastro";"Amaciante Concentrado";"1L + 500ml";"Ternura | Harmonia";"NULL";"46";"Amaciante Concentrado | 1L + 500ml | Ternura | Harmonia"
"3";"1";"Base JBP e acordos comerciais.xlsx";"2026-03-13 09:08:13";"31";"RAGAN";"1";"RAGAN";"PLANO DE INTRODUÇÃO";"NULL";"NULL";"NULL";"NULL";"NULL";"NULL";"NULL";"NULL";"NULL";"NULL";"NULL";"10";"cadastros_vinculados";"3";"CADASTRO";"cadastro";"Amaciante";"2L";"NULL";"NULL";"47";"Amaciante | 2L"
"3";"1";"Base JBP e acordos comerciais.xlsx";"2026-03-13 09:08:13";"31";"RAGAN";"1";"RAGAN";"PLANO DE INTRODUÇÃO";"NULL";"NULL";"NULL";"NULL";"NULL";"NULL";"NULL";"NULL";"NULL";"NULL";"NULL";"11";"cadastros_vinculados";"4";"CADASTRO";"cadastro";"Desinfetante";"2L";"NULL";"NULL";"48";"Desinfetante | 2L"
"3";"1";"Base JBP e acordos comerciais.xlsx";"2026-03-13 09:08:13";"31";"RAGAN";"1";"RAGAN";"PLANO DE INTRODUÇÃO";"NULL";"NULL";"NULL";"NULL";"NULL";"NULL";"NULL";"NULL";"NULL";"NULL";"NULL";"12";"cadastros_vinculados";"5";"CADASTRO";"cadastro";"Multiuso";"50ml";"NULL";"NULL";"49";"Multiuso | 50ml"
"3";"1";"Base JBP e acordos comerciais.xlsx";"2026-03-13 09:08:13";"31";"RAGAN";"1";"RAGAN";"PLANO DE INTRODUÇÃO";"NULL";"NULL";"NULL";"NULL";"NULL";"NULL";"NULL";"NULL";"NULL";"NULL";"NULL";"13";"cadastros_vinculados";"6";"CADASTRO";"cadastro";"Limpador Perfumado";"500ml + 1L";"NULL";"NULL";"50";"Limpador Perfumado | 500ml + 1L"
"4";"1";"Base JBP e acordos comerciais.xlsx";"2026-03-13 09:08:13";"31";"MASTER";"1";"MASTER ATS";"PLANO DE NEGÓCIOS";"NULL";"MARÇO À DEZEMBRO/26";"2026-03";"2026-12";"2026-03 a 2026-12";"normalizado";"NULL";"NULL";"NULL";"NULL";"NULL";"14";"cadastros_vinculados";"1";"CADASTRO";"cadastro";"Lava Roupas Lavagem Rápida";"1L";"Total Clean (EAN 789830200 645 4) | Fresh Clean (EAN 789830200 646 1)";"NULL";"69";"Lava Roupas Lavagem Rápida | 1L | Total Clean (EAN 789830200 645 4) | Fresh Clean (EAN 789830200 646 1)"
"4";"1";"Base JBP e acordos comerciais.xlsx";"2026-03-13 09:08:13";"31";"MASTER";"1";"MASTER ATS";"PLANO DE NEGÓCIOS";"NULL";"MARÇO À DEZEMBRO/26";"2026-03";"2026-12";"2026-03 a 2026-12";"normalizado";"NULL";"NULL";"NULL";"NULL";"NULL";"15";"cadastros_vinculados";"2";"CADASTRO";"cadastro";"Lava Roupas Lavagem Rápida";"1,5L";"Total Clean (EAN 789830200 647 8) | Fresh Clean (EAN 789830200 648 5)";"NULL";"70";"Lava Roupas Lavagem Rápida | 1,5L | Total Clean (EAN 789830200 647 8) | Fresh Clean (EAN 789830200 648 5)"
"4";"1";"Base JBP e acordos comerciais.xlsx";"2026-03-13 09:08:13";"31";"MASTER";"1";"MASTER ATS";"PLANO DE NEGÓCIOS";"NULL";"MARÇO À DEZEMBRO/26";"2026-03";"2026-12";"2026-03 a 2026-12";"normalizado";"NULL";"NULL";"NULL";"NULL";"NULL";"16";"cadastros_vinculados";"3";"CADASTRO";"cadastro";"Desinfetante";"2L e 5L";"Chá Branco";"NULL";"71";"Desinfetante | 2L e 5L | Chá Branco"
"7";"1";"Base JBP e acordos comerciais.xlsx";"2026-03-13 09:08:13";"31";"IRMAOS ZAT";"1";"IRMÃOS ZAT LTDA";"PLANO DE NEGÓCIOS";"NULL";"JANEIRO À DEZEMBRO/26";"2026-01";"2026-12";"2026-01 a 2026-12";"normalizado";"NULL";"NULL";"NULL";"NULL";"NULL";"17";"cadastros_vinculados";"1";"CADASTRO";"cadastro";"Amaciante Concetrado";"1,5L";"PROMO - Harmonia | Ternura | Mitério";"NULL";"65";"Amaciante Concetrado | 1,5L | PROMO - Harmonia | Ternura | Mitério"
"7";"1";"Base JBP e acordos comerciais.xlsx";"2026-03-13 09:08:13";"31";"IRMAOS ZAT";"1";"IRMÃOS ZAT LTDA";"PLANO DE NEGÓCIOS";"NULL";"JANEIRO À DEZEMBRO/26";"2026-01";"2026-12";"2026-01 a 2026-12";"normalizado";"NULL";"NULL";"NULL";"NULL";"NULL";"18";"cadastros_vinculados";"2";"CADASTRO";"cadastro";"Lava Roupas";"3L";"Ternura";"NULL";"66";"Lava Roupas | 3L | Ternura"
"7";"1";"Base JBP e acordos comerciais.xlsx";"2026-03-13 09:08:13";"31";"IRMAOS ZAT";"1";"IRMÃOS ZAT LTDA";"PLANO DE NEGÓCIOS";"NULL";"JANEIRO À DEZEMBRO/26";"2026-01";"2026-12";"2026-01 a 2026-12";"normalizado";"NULL";"NULL";"NULL";"NULL";"NULL";"19";"cadastros_vinculados";"3";"CADASTRO";"cadastro";"Limpador Perfumado";"2L";"Essencia Natural";"NULL";"67";"Limpador Perfumado | 2L | Essencia Natural"
"7";"1";"Base JBP e acordos comerciais.xlsx";"2026-03-13 09:08:13";"31";"IRMAOS ZAT";"1";"IRMÃOS ZAT LTDA";"PLANO DE NEGÓCIOS";"NULL";"JANEIRO À DEZEMBRO/26";"2026-01";"2026-12";"2026-01 a 2026-12";"normalizado";"NULL";"NULL";"NULL";"NULL";"NULL";"20";"cadastros_vinculados";"4";"CADASTRO";"cadastro";"Lava Roupas Lavagem Rápida";"1L";"Total Clean (EAN 789830200 645 4) | Fresh Clean (EAN 789830200 646 1)";"NULL";"68";"Lava Roupas Lavagem Rápida | 1L | Total Clean (EAN 789830200 645 4) | Fresh Clean (EAN 789830200 646 1)"
"7";"1";"Base JBP e acordos comerciais.xlsx";"2026-03-13 09:08:13";"31";"IRMAOS ZAT";"1";"IRMÃOS ZAT LTDA";"PLANO DE NEGÓCIOS";"NULL";"JANEIRO À DEZEMBRO/26";"2026-01";"2026-12";"2026-01 a 2026-12";"normalizado";"NULL";"NULL";"NULL";"NULL";"NULL";"21";"cadastros_vinculados";"5";"CADASTRO";"cadastro";"Lava Roupas Lavagem Rápida";"1,5L";"Total Clean (EAN 789830200 647 8) | Fresh Clean (EAN 789830200 648 5)";"NULL";"69";"Lava Roupas Lavagem Rápida | 1,5L | Total Clean (EAN 789830200 647 8) | Fresh Clean (EAN 789830200 648 5)"
"8";"1";"Base JBP e acordos comerciais.xlsx";"2026-03-13 09:08:13";"31";"GRANDESUL";"1";"GRANDESUL";"PLANO DE NEGÓCIOS";"NULL";"JANEIRO À DEZEMBRO/26";"2026-01";"2026-12";"2026-01 a 2026-12";"normalizado";"NULL";"NULL";"NULL";"NULL";"NULL";"22";"cadastros_vinculados";"1";"CADASTRO";"cadastro";"Lava Roupas - Lavagem Rápida";"1,5L";"Total Clean (EAN 789830200 647 8) | Fresh Clean (EAN 789830200 648 5)";"NULL";"62";"Lava Roupas - Lavagem Rápida | 1,5L | Total Clean (EAN 789830200 647 8) | Fresh Clean (EAN 789830200 648 5)"
"8";"1";"Base JBP e acordos comerciais.xlsx";"2026-03-13 09:08:13";"31";"GRANDESUL";"1";"GRANDESUL";"PLANO DE NEGÓCIOS";"NULL";"JANEIRO À DEZEMBRO/26";"2026-01";"2026-12";"2026-01 a 2026-12";"normalizado";"NULL";"NULL";"NULL";"NULL";"NULL";"23";"cadastros_vinculados";"2";"CADASTRO";"cadastro";"Multiuso";"1L";"Pulv. Original (EAN 789830200 656 0)";"NULL";"63";"Multiuso | 1L | Pulv. Original (EAN 789830200 656 0)"
"8";"1";"Base JBP e acordos comerciais.xlsx";"2026-03-13 09:08:13";"31";"GRANDESUL";"1";"GRANDESUL";"PLANO DE NEGÓCIOS";"NULL";"JANEIRO À DEZEMBRO/26";"2026-01";"2026-12";"2026-01 a 2026-12";"normalizado";"NULL";"NULL";"NULL";"NULL";"NULL";"24";"cadastros_vinculados";"3";"CADASTRO";"cadastro";"Multiuso - Poder O2";"500ml/1L";"500ml (EAN 789830200 658-4) | 1L (EAN 789830200 657 7)";"NULL";"64";"Multiuso - Poder O2 | 500ml/1L | 500ml (EAN 789830200 658-4) | 1L (EAN 789830200 657 7)"
"8";"1";"Base JBP e acordos comerciais.xlsx";"2026-03-13 09:08:13";"31";"GRANDESUL";"1";"GRANDESUL";"PLANO DE NEGÓCIOS";"NULL";"JANEIRO À DEZEMBRO/26";"2026-01";"2026-12";"2026-01 a 2026-12";"normalizado";"NULL";"NULL";"NULL";"NULL";"NULL";"25";"cadastros_vinculados";"4";"CADASTRO";"cadastro";"Lava Roupas";"7L";"Profissional (EAN 789830200 659 1)";"NULL";"65";"Lava Roupas | 7L | Profissional (EAN 789830200 659 1)"
"8";"1";"Base JBP e acordos comerciais.xlsx";"2026-03-13 09:08:13";"31";"GRANDESUL";"1";"GRANDESUL";"PLANO DE NEGÓCIOS";"NULL";"JANEIRO À DEZEMBRO/26";"2026-01";"2026-12";"2026-01 a 2026-12";"normalizado";"NULL";"NULL";"NULL";"NULL";"NULL";"26";"cadastros_vinculados";"1";"LIBERAÇÃO (PARA TODAS AS LOJAS)";"liberacao";"Amac. Concentrado";"1L";"Ternura | Harmonia - 7 de 12 Lojas";"NULL";"69";"Amac. Concentrado | 1L | Ternura | Harmonia - 7 de 12 Lojas"
"8";"1";"Base JBP e acordos comerciais.xlsx";"2026-03-13 09:08:13";"31";"GRANDESUL";"1";"GRANDESUL";"PLANO DE NEGÓCIOS";"NULL";"JANEIRO À DEZEMBRO/26";"2026-01";"2026-12";"2026-01 a 2026-12";"normalizado";"NULL";"NULL";"NULL";"NULL";"NULL";"27";"cadastros_vinculados";"2";"LIBERAÇÃO (PARA TODAS AS LOJAS)";"liberacao";"Amac. Concentrado";"1,5L";"Promocional - Ternura | Harmonia - 4 de 7 Lojas";"NULL";"70";"Amac. Concentrado | 1,5L | Promocional - Ternura | Harmonia - 4 de 7 Lojas"
"9";"1";"Base JBP e acordos comerciais.xlsx";"2026-03-13 09:08:13";"31";"TISCHLER";"1";"TISCHLER";"PLANO DE NEGÓCIOS";"NULL";"JANEIRO À DEZEMBRO/26";"2026-01";"2026-12";"2026-01 a 2026-12";"normalizado";"NULL";"NULL";"NULL";"NULL";"NULL";"28";"cadastros_vinculados";"1";"CADASTRO";"cadastro";"Lava Roupas Pó";"2.4";"Multiação | Flores Brancas e Baunilha";"NULL";"85";"Lava Roupas Pó | 2.4 | Multiação | Flores Brancas e Baunilha"
"9";"1";"Base JBP e acordos comerciais.xlsx";"2026-03-13 09:08:13";"31";"TISCHLER";"1";"TISCHLER";"PLANO DE NEGÓCIOS";"NULL";"JANEIRO À DEZEMBRO/26";"2026-01";"2026-12";"2026-01 a 2026-12";"normalizado";"NULL";"NULL";"NULL";"NULL";"NULL";"29";"cadastros_vinculados";"2";"CADASTRO";"cadastro";"Desinfetante";"2L e 5L";"Chá Branco";"NULL";"86";"Desinfetante | 2L e 5L | Chá Branco"
"9";"1";"Base JBP e acordos comerciais.xlsx";"2026-03-13 09:08:13";"31";"TISCHLER";"1";"TISCHLER";"PLANO DE NEGÓCIOS";"NULL";"JANEIRO À DEZEMBRO/26";"2026-01";"2026-12";"2026-01 a 2026-12";"normalizado";"NULL";"NULL";"NULL";"NULL";"NULL";"30";"cadastros_vinculados";"3";"CADASTRO";"cadastro";"Amac. Concentrado";"1,5L";"Versões";"NULL";"88";"Amac. Concentrado | 1,5L | Versões"
"9";"1";"Base JBP e acordos comerciais.xlsx";"2026-03-13 09:08:13";"31";"TISCHLER";"1";"TISCHLER";"PLANO DE NEGÓCIOS";"NULL";"JANEIRO À DEZEMBRO/26";"2026-01";"2026-12";"2026-01 a 2026-12";"normalizado";"NULL";"NULL";"NULL";"NULL";"NULL";"31";"cadastros_vinculados";"4";"CADASTRO";"cadastro";"Lava Roupas Lavagem Rápida";"1L";"Total Clean (EAN 789830200 645 4) | Fresh Clean (EAN 789830200 646 1)";"NULL";"89";"Lava Roupas Lavagem Rápida | 1L | Total Clean (EAN 789830200 645 4) | Fresh Clean (EAN 789830200 646 1)"
"10";"1";"Base JBP e acordos comerciais.xlsx";"2026-03-13 09:08:13";"31";"REDE VIVO";"1";"REDE VIVO";"PLANO DE NEGÓCIOS";"NULL";"SETEMBRO/25 À FEVEREIRO/26";"2025-09";"2026-02";"2025-09 a 2026-02";"normalizado";"NULL";"NULL";"NULL";"NULL";"NULL";"32";"cadastros_vinculados";"1";"CADASTRO";"cadastro";"Desinfetante";"5L";"Paixão";"NULL";"67";"Desinfetante | 5L | Paixão"
"10";"1";"Base JBP e acordos comerciais.xlsx";"2026-03-13 09:08:13";"31";"REDE VIVO";"1";"REDE VIVO";"PLANO DE NEGÓCIOS";"NULL";"SETEMBRO/25 À FEVEREIRO/26";"2025-09";"2026-02";"2025-09 a 2026-02";"normalizado";"NULL";"NULL";"NULL";"NULL";"NULL";"33";"cadastros_vinculados";"1";"LIBERAÇÃO (PARA TODAS AS LOJAS)";"liberacao";"Lava Roupas";"3L";"Flores Brancas";"5 de 37 lojas";"71";"Lava Roupas | 3L | Flores Brancas | 5 de 37 lojas"
"10";"1";"Base JBP e acordos comerciais.xlsx";"2026-03-13 09:08:13";"31";"REDE VIVO";"1";"REDE VIVO";"PLANO DE NEGÓCIOS";"NULL";"SETEMBRO/25 À FEVEREIRO/26";"2025-09";"2026-02";"2025-09 a 2026-02";"normalizado";"NULL";"NULL";"NULL";"NULL";"NULL";"34";"cadastros_vinculados";"2";"LIBERAÇÃO (PARA TODAS AS LOJAS)";"liberacao";"Lava Roupas";"5L";"Multiação";"19 de 36 lojas";"72";"Lava Roupas | 5L | Multiação | 19 de 36 lojas"
"10";"1";"Base JBP e acordos comerciais.xlsx";"2026-03-13 09:08:13";"31";"REDE VIVO";"1";"REDE VIVO";"PLANO DE NEGÓCIOS";"NULL";"SETEMBRO/25 À FEVEREIRO/26";"2025-09";"2026-02";"2025-09 a 2026-02";"normalizado";"NULL";"NULL";"NULL";"NULL";"NULL";"35";"cadastros_vinculados";"3";"LIBERAÇÃO (PARA TODAS AS LOJAS)";"liberacao";"Lava Roupas";"5L";"Ternura | Glicerina";"5 de 36 lojas";"73";"Lava Roupas | 5L | Ternura | Glicerina | 5 de 36 lojas"
"10";"1";"Base JBP e acordos comerciais.xlsx";"2026-03-13 09:08:13";"31";"REDE VIVO";"1";"REDE VIVO";"PLANO DE NEGÓCIOS";"NULL";"SETEMBRO/25 À FEVEREIRO/26";"2025-09";"2026-02";"2025-09 a 2026-02";"normalizado";"NULL";"NULL";"NULL";"NULL";"NULL";"36";"cadastros_vinculados";"4";"LIBERAÇÃO (PARA TODAS AS LOJAS)";"liberacao";"Amaciante";"5L";"Frescor da Manhã";"34 de 40 lojas";"74";"Amaciante | 5L | Frescor da Manhã | 34 de 40 lojas"
"10";"1";"Base JBP e acordos comerciais.xlsx";"2026-03-13 09:08:13";"31";"REDE VIVO";"1";"REDE VIVO";"PLANO DE NEGÓCIOS";"NULL";"SETEMBRO/25 À FEVEREIRO/26";"2025-09";"2026-02";"2025-09 a 2026-02";"normalizado";"NULL";"NULL";"NULL";"NULL";"NULL";"37";"cadastros_vinculados";"5";"LIBERAÇÃO (PARA TODAS AS LOJAS)";"liberacao";"Amaciante";"5L";"Sedução";"32 de 40 lojas";"75";"Amaciante | 5L | Sedução | 32 de 40 lojas"
"10";"1";"Base JBP e acordos comerciais.xlsx";"2026-03-13 09:08:13";"31";"REDE VIVO";"1";"REDE VIVO";"PLANO DE NEGÓCIOS";"NULL";"SETEMBRO/25 À FEVEREIRO/26";"2025-09";"2026-02";"2025-09 a 2026-02";"normalizado";"NULL";"NULL";"NULL";"NULL";"NULL";"38";"cadastros_vinculados";"6";"LIBERAÇÃO (PARA TODAS AS LOJAS)";"liberacao";"Amaciante Concentrado";"1L";"Harmonia | Ternura";"29 de 36 lojas";"76";"Amaciante Concentrado | 1L | Harmonia | Ternura | 29 de 36 lojas"
"10";"1";"Base JBP e acordos comerciais.xlsx";"2026-03-13 09:08:13";"31";"REDE VIVO";"1";"REDE VIVO";"PLANO DE NEGÓCIOS";"NULL";"SETEMBRO/25 À FEVEREIRO/26";"2025-09";"2026-02";"2025-09 a 2026-02";"normalizado";"NULL";"NULL";"NULL";"NULL";"NULL";"39";"cadastros_vinculados";"7";"LIBERAÇÃO (PARA TODAS AS LOJAS)";"liberacao";"Amaciante Concentrado";"1,5L";"PROMO: Ternura | Harmonia";"12 de 36 lojas";"77";"Amaciante Concentrado | 1,5L | PROMO: Ternura | Harmonia | 12 de 36 lojas"
"10";"1";"Base JBP e acordos comerciais.xlsx";"2026-03-13 09:08:13";"31";"REDE VIVO";"1";"REDE VIVO";"PLANO DE NEGÓCIOS";"NULL";"SETEMBRO/25 À FEVEREIRO/26";"2025-09";"2026-02";"2025-09 a 2026-02";"normalizado";"NULL";"NULL";"NULL";"NULL";"NULL";"40";"cadastros_vinculados";"8";"LIBERAÇÃO (PARA TODAS AS LOJAS)";"liberacao";"Amaciante Concentrado";"1,5L";"Ternura | Harmonia | Sedução";"5 de 36 lojas";"78";"Amaciante Concentrado | 1,5L | Ternura | Harmonia | Sedução | 5 de 36 lojas"
"10";"1";"Base JBP e acordos comerciais.xlsx";"2026-03-13 09:08:13";"31";"REDE VIVO";"1";"REDE VIVO";"PLANO DE NEGÓCIOS";"NULL";"SETEMBRO/25 À FEVEREIRO/26";"2025-09";"2026-02";"2025-09 a 2026-02";"normalizado";"NULL";"NULL";"NULL";"NULL";"NULL";"41";"cadastros_vinculados";"9";"Liberação Scanntech.";"liberacao_scanntech";"NULL";"NULL";"NULL";"____________________________________________";"103";"____________________________________________ | ____________________________________________"
"10";"1";"Base JBP e acordos comerciais.xlsx";"2026-03-13 09:08:13";"31";"REDE VIVO";"1";"REDE VIVO";"PLANO DE NEGÓCIOS";"NULL";"SETEMBRO/25 À FEVEREIRO/26";"2025-09";"2026-02";"2025-09 a 2026-02";"normalizado";"NULL";"NULL";"NULL";"NULL";"NULL";"42";"cadastros_vinculados";"10";"Liberação Scanntech.";"liberacao_scanntech";"NULL";"NULL";"NULL";"AQUAFAST - Produtos de Higiene e Limpeza";"104";"Libraga , Brandao Supermercados | AQUAFAST - Produtos de Higiene e Limpeza"
"11";"1";"Base JBP e acordos comerciais.xlsx";"2026-03-13 09:08:13";"31";"MUNDIALMIX";"1";"MUNDIALMIX - BRASIL/IMPERATRIZ";"JBP";"NULL";"JANEIRO À DEZEMBRO/26";"2026-01";"2026-12";"2026-01 a 2026-12";"normalizado";"NULL";"NULL";"NULL";"NULL";"NULL";"43";"cadastros_vinculados";"1";"CADASTRO";"cadastro";"Lava Roupas";"2L";"Glicerina | Flores Brancas";"BRASIL";"77";"Lava Roupas | 2L | Glicerina | Flores Brancas | BRASIL"
"11";"1";"Base JBP e acordos comerciais.xlsx";"2026-03-13 09:08:13";"31";"MUNDIALMIX";"1";"MUNDIALMIX - BRASIL/IMPERATRIZ";"JBP";"NULL";"JANEIRO À DEZEMBRO/26";"2026-01";"2026-12";"2026-01 a 2026-12";"normalizado";"NULL";"NULL";"NULL";"NULL";"NULL";"44";"cadastros_vinculados";"2";"CADASTRO";"cadastro";"Lava Roupas Lavagem Rápida";"1L";"Total Clean (EAN 789830200 645 4) | Fresh Clean (EAN 789830200 646 1)";"BRASIL | IMPERATRIZ";"78";"Lava Roupas Lavagem Rápida | 1L | Total Clean (EAN 789830200 645 4) | Fresh Clean (EAN 789830200 646 1) | BRASIL | IMPERATRIZ"
"11";"1";"Base JBP e acordos comerciais.xlsx";"2026-03-13 09:08:13";"31";"MUNDIALMIX";"1";"MUNDIALMIX - BRASIL/IMPERATRIZ";"JBP";"NULL";"JANEIRO À DEZEMBRO/26";"2026-01";"2026-12";"2026-01 a 2026-12";"normalizado";"NULL";"NULL";"NULL";"NULL";"NULL";"45";"cadastros_vinculados";"3";"CADASTRO";"cadastro";"Lava Roupas Lavagem Rápida";"1,5L";"Total Clean (EAN 789830200 647 8) | Fresh Clean (EAN 789830200 648 5)";"BRASIL | IMPERATRIZ";"79";"Lava Roupas Lavagem Rápida | 1,5L | Total Clean (EAN 789830200 647 8) | Fresh Clean (EAN 789830200 648 5) | BRASIL | IMPERATRIZ"
"11";"1";"Base JBP e acordos comerciais.xlsx";"2026-03-13 09:08:13";"31";"MUNDIALMIX";"1";"MUNDIALMIX - BRASIL/IMPERATRIZ";"JBP";"NULL";"JANEIRO À DEZEMBRO/26";"2026-01";"2026-12";"2026-01 a 2026-12";"normalizado";"NULL";"NULL";"NULL";"NULL";"NULL";"46";"cadastros_vinculados";"4";"CADASTRO";"cadastro";"Amaciante Concentrado";"1,5L - PROMO";"Ternura | Harmonia | Mistério";"IMPERATRIZ";"80";"Amaciante Concentrado | 1,5L - PROMO | Ternura | Harmonia | Mistério | IMPERATRIZ"
"11";"1";"Base JBP e acordos comerciais.xlsx";"2026-03-13 09:08:13";"31";"MUNDIALMIX";"1";"MUNDIALMIX - BRASIL/IMPERATRIZ";"JBP";"NULL";"JANEIRO À DEZEMBRO/26";"2026-01";"2026-12";"2026-01 a 2026-12";"normalizado";"NULL";"NULL";"NULL";"NULL";"NULL";"47";"cadastros_vinculados";"5";"CADASTRO";"cadastro";"Desinfetante";"2L | 5L";"Chá Branco";"BRASIL | IMPERATRIZ";"81";"Desinfetante | 2L | 5L | Chá Branco | BRASIL | IMPERATRIZ"
"12";"1";"Base JBP e acordos comerciais.xlsx";"2026-03-13 09:08:13";"31";"UNIDASUL";"1";"UNIDASUL";"PLANO DE NEGÓCIOS";"NULL";"SETEMBRO À DEZEMBRO";"NULL";"NULL";"SETEMBRO À DEZEMBRO";"nao_interpretado";"NULL";"NULL";"NULL";"NULL";"NULL";"48";"situacao_liberacao";"1";"CADASTRO";"cadastro";"Amaciante Concentrado Promo";"1,5L";"TERNURA E HARMONIA";"NULL";"65";"Amaciante Concentrado Promo | 1,5L | TERNURA E HARMONIA"
"14";"1";"Base JBP e acordos comerciais.xlsx";"2026-03-13 09:08:13";"31";"CENTERMASTERSUL";"1";"CENTERMASTERSUL";"PLANO DE NEGÓCIOS";"NULL";"JANEIRO À DEZEMBRO/26";"2026-01";"2026-12";"2026-01 a 2026-12";"normalizado";"NULL";"NULL";"NULL";"NULL";"NULL";"49";"cadastros_vinculados";"1";"CADASTRO";"cadastro";"Amaciante Concentrado Promo";"1,5L";"Ternura | Harmonia | Mistério";"NULL";"72";"Amaciante Concentrado Promo | 1,5L | Ternura | Harmonia | Mistério"
"14";"1";"Base JBP e acordos comerciais.xlsx";"2026-03-13 09:08:13";"31";"CENTERMASTERSUL";"1";"CENTERMASTERSUL";"PLANO DE NEGÓCIOS";"NULL";"JANEIRO À DEZEMBRO/26";"2026-01";"2026-12";"2026-01 a 2026-12";"normalizado";"NULL";"NULL";"NULL";"NULL";"NULL";"50";"cadastros_vinculados";"2";"CADASTRO";"cadastro";"Desinfetante";"1L + Pack";"NULL";"NULL";"73";"Desinfetante | 1L + Pack"
"14";"1";"Base JBP e acordos comerciais.xlsx";"2026-03-13 09:08:13";"31";"CENTERMASTERSUL";"1";"CENTERMASTERSUL";"PLANO DE NEGÓCIOS";"NULL";"JANEIRO À DEZEMBRO/26";"2026-01";"2026-12";"2026-01 a 2026-12";"normalizado";"NULL";"NULL";"NULL";"NULL";"NULL";"51";"cadastros_vinculados";"3";"CADASTRO";"cadastro";"Lava Roupas";"2L";"Flores Brancas";"NULL";"74";"Lava Roupas | 2L | Flores Brancas"
"14";"1";"Base JBP e acordos comerciais.xlsx";"2026-03-13 09:08:13";"31";"CENTERMASTERSUL";"1";"CENTERMASTERSUL";"PLANO DE NEGÓCIOS";"NULL";"JANEIRO À DEZEMBRO/26";"2026-01";"2026-12";"2026-01 a 2026-12";"normalizado";"NULL";"NULL";"NULL";"NULL";"NULL";"52";"cadastros_vinculados";"4";"CADASTRO";"cadastro";"Amaciante Diluído";"5L";"Vermelho Sedução";"NULL";"75";"Amaciante Diluído | 5L | Vermelho Sedução"
"14";"1";"Base JBP e acordos comerciais.xlsx";"2026-03-13 09:08:13";"31";"CENTERMASTERSUL";"1";"CENTERMASTERSUL";"PLANO DE NEGÓCIOS";"NULL";"JANEIRO À DEZEMBRO/26";"2026-01";"2026-12";"2026-01 a 2026-12";"normalizado";"NULL";"NULL";"NULL";"NULL";"NULL";"53";"cadastros_vinculados";"5";"CADASTRO";"cadastro";"Lava Roupas Lavagem Rápida";"1L";"Total Clean (EAN 789830200 645 4) | Fresh Clean (EAN 789830200 646 1)";"NULL";"76";"Lava Roupas Lavagem Rápida | 1L | Total Clean (EAN 789830200 645 4) | Fresh Clean (EAN 789830200 646 1)"
"14";"1";"Base JBP e acordos comerciais.xlsx";"2026-03-13 09:08:13";"31";"CENTERMASTERSUL";"1";"CENTERMASTERSUL";"PLANO DE NEGÓCIOS";"NULL";"JANEIRO À DEZEMBRO/26";"2026-01";"2026-12";"2026-01 a 2026-12";"normalizado";"NULL";"NULL";"NULL";"NULL";"NULL";"54";"cadastros_vinculados";"6";"CADASTRO";"cadastro";"Lava Roupas Lavagem Rápida";"1,5L";"Total Clean (EAN 789830200 647 8) | Fresh Clean (EAN 789830200 648 5)";"NULL";"77";"Lava Roupas Lavagem Rápida | 1,5L | Total Clean (EAN 789830200 647 8) | Fresh Clean (EAN 789830200 648 5)"
"15";"1";"Base JBP e acordos comerciais.xlsx";"2026-03-13 09:08:13";"31";"MYATA";"1";"SUPERMERCADO MYATA";"PLANO DE NEGÓCIOS";"NULL";"JANEIRO A DEZEMBRO/2026";"2026-01";"2026-12";"2026-01 a 2026-12";"normalizado";"NULL";"NULL";"NULL";"NULL";"NULL";"55";"cadastros_vinculados";"1";"CADASTRO";"cadastro";"Amac. Concentrado";"1,5L";"Azul | Branco | Lilás";"NULL";"50";"Amac. Concentrado | 1,5L | Azul | Branco | Lilás"
"16";"1";"Base JBP e acordos comerciais.xlsx";"2026-03-13 09:08:13";"31";"PASSARELA CENTER";"1";"PASSARELA CENTER";"JBP";"NULL";"JANEIRO À DEZEMBRO/26";"2026-01";"2026-12";"2026-01 a 2026-12";"normalizado";"NULL";"NULL";"NULL";"NULL";"NULL";"56";"cadastros_vinculados";"1";"SUGESTÃO DE CADASTRO";"sugestao_cadastro";"Lava Roupas Lavagem Rápida";"1L";"Total Clean (EAN 789830200 645 4) | Fresh Clean (EAN 789830200 646 1)";"NULL";"66";"Lava Roupas Lavagem Rápida | 1L | Total Clean (EAN 789830200 645 4) | Fresh Clean (EAN 789830200 646 1)"
"16";"1";"Base JBP e acordos comerciais.xlsx";"2026-03-13 09:08:13";"31";"PASSARELA CENTER";"1";"PASSARELA CENTER";"JBP";"NULL";"JANEIRO À DEZEMBRO/26";"2026-01";"2026-12";"2026-01 a 2026-12";"normalizado";"NULL";"NULL";"NULL";"NULL";"NULL";"57";"cadastros_vinculados";"2";"SUGESTÃO DE CADASTRO";"sugestao_cadastro";"Lava Roupas Lavagem Rápida";"1,5L";"Total Clean (EAN 789830200 647 8) | Fresh Clean (EAN 789830200 648 5)";"NULL";"67";"Lava Roupas Lavagem Rápida | 1,5L | Total Clean (EAN 789830200 647 8) | Fresh Clean (EAN 789830200 648 5)"
"16";"1";"Base JBP e acordos comerciais.xlsx";"2026-03-13 09:08:13";"31";"PASSARELA CENTER";"1";"PASSARELA CENTER";"JBP";"NULL";"JANEIRO À DEZEMBRO/26";"2026-01";"2026-12";"2026-01 a 2026-12";"normalizado";"NULL";"NULL";"NULL";"NULL";"NULL";"58";"cadastros_vinculados";"3";"SUGESTÃO DE CADASTRO";"sugestao_cadastro";"Lava Roupas Liquido";"7L";"NULL";"NULL";"68";"Lava Roupas Liquido | 7L"
"16";"1";"Base JBP e acordos comerciais.xlsx";"2026-03-13 09:08:13";"31";"PASSARELA CENTER";"1";"PASSARELA CENTER";"JBP";"NULL";"JANEIRO À DEZEMBRO/26";"2026-01";"2026-12";"2026-01 a 2026-12";"normalizado";"NULL";"NULL";"NULL";"NULL";"NULL";"59";"cadastros_vinculados";"4";"SUGESTÃO DE CADASTRO";"sugestao_cadastro";"Amaciante Concentrado";"1L";"Ternura | Harmonia | Mistério";"NULL";"69";"Amaciante Concentrado | 1L | Ternura | Harmonia | Mistério"
"16";"1";"Base JBP e acordos comerciais.xlsx";"2026-03-13 09:08:13";"31";"PASSARELA CENTER";"1";"PASSARELA CENTER";"JBP";"NULL";"JANEIRO À DEZEMBRO/26";"2026-01";"2026-12";"2026-01 a 2026-12";"normalizado";"NULL";"NULL";"NULL";"NULL";"NULL";"60";"cadastros_vinculados";"5";"SUGESTÃO DE CADASTRO";"sugestao_cadastro";"Lava Roupas Pó";"2,4kg e 4kg";"Multição | Flores Brancas";"NULL";"70";"Lava Roupas Pó | 2,4kg e 4kg | Multição | Flores Brancas"
"16";"1";"Base JBP e acordos comerciais.xlsx";"2026-03-13 09:08:13";"31";"PASSARELA CENTER";"1";"PASSARELA CENTER";"JBP";"NULL";"JANEIRO À DEZEMBRO/26";"2026-01";"2026-12";"2026-01 a 2026-12";"normalizado";"NULL";"NULL";"NULL";"NULL";"NULL";"61";"cadastros_vinculados";"6";"SUGESTÃO DE CADASTRO";"sugestao_cadastro";"Detergente";"7L";"NULL";"NULL";"71";"Detergente | 7L"
"17";"1";"Base JBP e acordos comerciais.xlsx";"2026-03-13 09:08:13";"31";"GUANABARA";"1";"GUANABARA";"PLANO DE NEGÓCIOS";"NULL";"JANEIRO À DEZEMBRO/26";"2026-01";"2026-12";"2026-01 a 2026-12";"normalizado";"NULL";"NULL";"NULL";"NULL";"NULL";"62";"oportunidades_cadastros";"1";"CADASTRO";"cadastro";"Amac. Concentrado";"1,5L";"PROMO - Branco Ternura | Mistério";"NULL";"85";"Amac. Concentrado | 1,5L | PROMO - Branco Ternura | Mistério"
"17";"1";"Base JBP e acordos comerciais.xlsx";"2026-03-13 09:08:13";"31";"GUANABARA";"1";"GUANABARA";"PLANO DE NEGÓCIOS";"NULL";"JANEIRO À DEZEMBRO/26";"2026-01";"2026-12";"2026-01 a 2026-12";"normalizado";"NULL";"NULL";"NULL";"NULL";"NULL";"63";"oportunidades_cadastros";"2";"CADASTRO";"cadastro";"Detergente";"5L";"Neutro | Clear";"NULL";"86";"Detergente | 5L | Neutro | Clear"
"17";"1";"Base JBP e acordos comerciais.xlsx";"2026-03-13 09:08:13";"31";"GUANABARA";"1";"GUANABARA";"PLANO DE NEGÓCIOS";"NULL";"JANEIRO À DEZEMBRO/26";"2026-01";"2026-12";"2026-01 a 2026-12";"normalizado";"NULL";"NULL";"NULL";"NULL";"NULL";"64";"oportunidades_cadastros";"3";"CADASTRO";"cadastro";"Lava Roupas Lavagem Rápida";"1L";"Total Clean (EAN 789830200 645 4) | Fresh Clean (EAN 789830200 646 1)";"NULL";"87";"Lava Roupas Lavagem Rápida | 1L | Total Clean (EAN 789830200 645 4) | Fresh Clean (EAN 789830200 646 1)"
"17";"1";"Base JBP e acordos comerciais.xlsx";"2026-03-13 09:08:13";"31";"GUANABARA";"1";"GUANABARA";"PLANO DE NEGÓCIOS";"NULL";"JANEIRO À DEZEMBRO/26";"2026-01";"2026-12";"2026-01 a 2026-12";"normalizado";"NULL";"NULL";"NULL";"NULL";"NULL";"65";"oportunidades_cadastros";"4";"CADASTRO";"cadastro";"Lava Roupas Lavagem Rápida";"1,5L";"Total Clean (EAN 789830200 647 8) | Fresh Clean (EAN 789830200 648 5)";"NULL";"88";"Lava Roupas Lavagem Rápida | 1,5L | Total Clean (EAN 789830200 647 8) | Fresh Clean (EAN 789830200 648 5)"
"17";"1";"Base JBP e acordos comerciais.xlsx";"2026-03-13 09:08:13";"31";"GUANABARA";"1";"GUANABARA";"PLANO DE NEGÓCIOS";"NULL";"JANEIRO À DEZEMBRO/26";"2026-01";"2026-12";"2026-01 a 2026-12";"normalizado";"NULL";"NULL";"NULL";"NULL";"NULL";"66";"oportunidades_cadastros";"5";"CADASTRO";"cadastro";"SUGESTÃO DE LIBERAÇÃO (PARA TODAS AS LOJAS)";"NULL";"NULL";"NULL";"90";"SUGESTÃO DE LIBERAÇÃO (PARA TODAS AS LOJAS)"
"17";"1";"Base JBP e acordos comerciais.xlsx";"2026-03-13 09:08:13";"31";"GUANABARA";"1";"GUANABARA";"PLANO DE NEGÓCIOS";"NULL";"JANEIRO À DEZEMBRO/26";"2026-01";"2026-12";"2026-01 a 2026-12";"normalizado";"NULL";"NULL";"NULL";"NULL";"NULL";"67";"sugestao_liberacao";"1";"SUGESTÃO DE LIBERAÇÃO (PARA TODAS AS LOJAS)";"sugestao_liberacao";"Amac. Concentrado";"1L";"Azul Harmonia";"NULL";"92";"Amac. Concentrado | 1L | Azul Harmonia"
"17";"1";"Base JBP e acordos comerciais.xlsx";"2026-03-13 09:08:13";"31";"GUANABARA";"1";"GUANABARA";"PLANO DE NEGÓCIOS";"NULL";"JANEIRO À DEZEMBRO/26";"2026-01";"2026-12";"2026-01 a 2026-12";"normalizado";"NULL";"NULL";"NULL";"NULL";"NULL";"68";"sugestao_liberacao";"2";"SUGESTÃO DE LIBERAÇÃO (PARA TODAS AS LOJAS)";"sugestao_liberacao";"Lava Roupas";"5L";"Ternura";"5 de 12";"93";"Lava Roupas | 5L | Ternura | 5 de 12"
"17";"1";"Base JBP e acordos comerciais.xlsx";"2026-03-13 09:08:13";"31";"GUANABARA";"1";"GUANABARA";"PLANO DE NEGÓCIOS";"NULL";"JANEIRO À DEZEMBRO/26";"2026-01";"2026-12";"2026-01 a 2026-12";"normalizado";"NULL";"NULL";"NULL";"NULL";"NULL";"69";"sugestao_liberacao";"3";"SUGESTÃO DE LIBERAÇÃO (PARA TODAS AS LOJAS)";"sugestao_liberacao";"Desinfetante";"2L";"Paixão";"10 de 12";"94";"Desinfetante | 2L | Paixão | 10 de 12"
"17";"1";"Base JBP e acordos comerciais.xlsx";"2026-03-13 09:08:13";"31";"GUANABARA";"1";"GUANABARA";"PLANO DE NEGÓCIOS";"NULL";"JANEIRO À DEZEMBRO/26";"2026-01";"2026-12";"2026-01 a 2026-12";"normalizado";"NULL";"NULL";"NULL";"NULL";"NULL";"70";"sugestao_liberacao";"4";"SUGESTÃO DE LIBERAÇÃO (PARA TODAS AS LOJAS)";"sugestao_liberacao";"Desinfetante";"5L";"Paixão";"9 de 12";"95";"Desinfetante | 5L | Paixão | 9 de 12"
"18";"1";"Base JBP e acordos comerciais.xlsx";"2026-03-13 09:08:13";"31";"TRINDADE";"1";"TRINDADE E SEHN LTDA";"PLANO DE NEGÓCIOS";"NULL";"JANEIRO À DEZEMBRO/26";"2026-01";"2026-12";"2026-01 a 2026-12";"normalizado";"NULL";"NULL";"NULL";"NULL";"NULL";"71";"cadastros_vinculados";"1";"CADASTRO";"cadastro";"Amaciante Concentrado";"1,5L";"PROMO - Harmonia | Ternura";"NULL";"84";"Amaciante Concentrado | 1,5L | PROMO - Harmonia | Ternura"
"18";"1";"Base JBP e acordos comerciais.xlsx";"2026-03-13 09:08:13";"31";"TRINDADE";"1";"TRINDADE E SEHN LTDA";"PLANO DE NEGÓCIOS";"NULL";"JANEIRO À DEZEMBRO/26";"2026-01";"2026-12";"2026-01 a 2026-12";"normalizado";"NULL";"NULL";"NULL";"NULL";"NULL";"72";"cadastros_vinculados";"2";"CADASTRO";"cadastro";"Agua sanitária";"5L";"NULL";"NULL";"85";"Agua sanitária | 5L"
"18";"1";"Base JBP e acordos comerciais.xlsx";"2026-03-13 09:08:13";"31";"TRINDADE";"1";"TRINDADE E SEHN LTDA";"PLANO DE NEGÓCIOS";"NULL";"JANEIRO À DEZEMBRO/26";"2026-01";"2026-12";"2026-01 a 2026-12";"normalizado";"NULL";"NULL";"NULL";"NULL";"NULL";"73";"cadastros_vinculados";"3";"CADASTRO";"cadastro";"Lava Roupas Pó";"1.600kg";"Multiação | Flores Brancas";"NULL";"86";"Lava Roupas Pó | 1.600kg | Multiação | Flores Brancas"
"18";"1";"Base JBP e acordos comerciais.xlsx";"2026-03-13 09:08:13";"31";"TRINDADE";"1";"TRINDADE E SEHN LTDA";"PLANO DE NEGÓCIOS";"NULL";"JANEIRO À DEZEMBRO/26";"2026-01";"2026-12";"2026-01 a 2026-12";"normalizado";"NULL";"NULL";"NULL";"NULL";"NULL";"74";"cadastros_vinculados";"4";"CADASTRO";"cadastro";"Lava Roupas Lavagem Rápida";"1L";"Total Clean (EAN 789830200 645 4) | Fresh Clean (EAN 789830200 646 1)";"NULL";"87";"Lava Roupas Lavagem Rápida | 1L | Total Clean (EAN 789830200 645 4) | Fresh Clean (EAN 789830200 646 1)"
"18";"1";"Base JBP e acordos comerciais.xlsx";"2026-03-13 09:08:13";"31";"TRINDADE";"1";"TRINDADE E SEHN LTDA";"PLANO DE NEGÓCIOS";"NULL";"JANEIRO À DEZEMBRO/26";"2026-01";"2026-12";"2026-01 a 2026-12";"normalizado";"NULL";"NULL";"NULL";"NULL";"NULL";"75";"cadastros_vinculados";"5";"CADASTRO";"cadastro";"Lava Roupas Lavagem Rápida";"1,5L";"Total Clean (EAN 789830200 647 8) | Fresh Clean (EAN 789830200 648 5)";"NULL";"88";"Lava Roupas Lavagem Rápida | 1,5L | Total Clean (EAN 789830200 647 8) | Fresh Clean (EAN 789830200 648 5)"
"20";"1";"Base JBP e acordos comerciais.xlsx";"2026-03-13 09:08:13";"31";"GUARAPARI";"1";"GUARAPARI";"PLANO DE INTRODUÇÃO";"NULL";"OUTUBRO/25 À MARÇO/26";"2025-10";"2026-03";"2025-10 a 2026-03";"normalizado";"NULL";"NULL";"NULL";"NULL";"NULL";"76";"cadastros_vinculados";"1";"CADASTRO";"cadastro";"LAVA ROUPAS";"1L";"TRADICIONAL E BABY";"NULL";"65";"LAVA ROUPAS | 1L | TRADICIONAL E BABY"
"20";"1";"Base JBP e acordos comerciais.xlsx";"2026-03-13 09:08:13";"31";"GUARAPARI";"1";"GUARAPARI";"PLANO DE INTRODUÇÃO";"NULL";"OUTUBRO/25 À MARÇO/26";"2025-10";"2026-03";"2025-10 a 2026-03";"normalizado";"NULL";"NULL";"NULL";"NULL";"NULL";"77";"cadastros_vinculados";"2";"CADASTRO";"cadastro";"LAVA ROUPAS";"5L";"MULTIAÇÃO / TERNURA";"NULL";"66";"LAVA ROUPAS | 5L | MULTIAÇÃO / TERNURA"
"20";"1";"Base JBP e acordos comerciais.xlsx";"2026-03-13 09:08:13";"31";"GUARAPARI";"1";"GUARAPARI";"PLANO DE INTRODUÇÃO";"NULL";"OUTUBRO/25 À MARÇO/26";"2025-10";"2026-03";"2025-10 a 2026-03";"normalizado";"NULL";"NULL";"NULL";"NULL";"NULL";"78";"cadastros_vinculados";"3";"CADASTRO";"cadastro";"SABÃO EM PÓ";"1,600KG";"MULTIAÇÃO / FLORES BRANCAS";"NULL";"67";"SABÃO EM PÓ | 1,600KG | MULTIAÇÃO / FLORES BRANCAS"
"20";"1";"Base JBP e acordos comerciais.xlsx";"2026-03-13 09:08:13";"31";"GUARAPARI";"1";"GUARAPARI";"PLANO DE INTRODUÇÃO";"NULL";"OUTUBRO/25 À MARÇO/26";"2025-10";"2026-03";"2025-10 a 2026-03";"normalizado";"NULL";"NULL";"NULL";"NULL";"NULL";"79";"cadastros_vinculados";"4";"CADASTRO";"cadastro";"AMACIANTE CONCENTRADO";"1,5L";"TERNURA / HARMONIA";"NULL";"68";"AMACIANTE CONCENTRADO | 1,5L | TERNURA / HARMONIA"
"20";"1";"Base JBP e acordos comerciais.xlsx";"2026-03-13 09:08:13";"31";"GUARAPARI";"1";"GUARAPARI";"PLANO DE INTRODUÇÃO";"NULL";"OUTUBRO/25 À MARÇO/26";"2025-10";"2026-03";"2025-10 a 2026-03";"normalizado";"NULL";"NULL";"NULL";"NULL";"NULL";"80";"cadastros_vinculados";"5";"CADASTRO";"cadastro";"AMACIANTE";"5L";"FRESCOR DA MANHÃ / SEDUÇÃO";"NULL";"69";"AMACIANTE | 5L | FRESCOR DA MANHÃ / SEDUÇÃO"
"20";"1";"Base JBP e acordos comerciais.xlsx";"2026-03-13 09:08:13";"31";"GUARAPARI";"1";"GUARAPARI";"PLANO DE INTRODUÇÃO";"NULL";"OUTUBRO/25 À MARÇO/26";"2025-10";"2026-03";"2025-10 a 2026-03";"normalizado";"NULL";"NULL";"NULL";"NULL";"NULL";"81";"cadastros_vinculados";"6";"CADASTRO";"cadastro";"DESINFETANTE";"5L";"PAIXÃO / CAMPOS DE LAVANDA";"NULL";"70";"DESINFETANTE | 5L | PAIXÃO / CAMPOS DE LAVANDA"
"20";"1";"Base JBP e acordos comerciais.xlsx";"2026-03-13 09:08:13";"31";"GUARAPARI";"1";"GUARAPARI";"PLANO DE INTRODUÇÃO";"NULL";"OUTUBRO/25 À MARÇO/26";"2025-10";"2026-03";"2025-10 a 2026-03";"normalizado";"NULL";"NULL";"NULL";"NULL";"NULL";"82";"cadastros_vinculados";"7";"CADASTRO";"cadastro";"LIMPADOR PERFUMADO";"2L";"MAGIA E SEDUÇÃO / DOCE ROMANCE";"NULL";"71";"LIMPADOR PERFUMADO | 2L | MAGIA E SEDUÇÃO / DOCE ROMANCE"
"20";"1";"Base JBP e acordos comerciais.xlsx";"2026-03-13 09:08:13";"31";"GUARAPARI";"1";"GUARAPARI";"PLANO DE INTRODUÇÃO";"NULL";"OUTUBRO/25 À MARÇO/26";"2025-10";"2026-03";"2025-10 a 2026-03";"normalizado";"NULL";"NULL";"NULL";"NULL";"NULL";"83";"cadastros_vinculados";"8";"CADASTRO";"cadastro";"DETERGENTE";"1L";"CLEAR / NEUTRO / LIMÃO / MAÇA";"NULL";"72";"DETERGENTE | 1L | CLEAR / NEUTRO / LIMÃO / MAÇA"
"20";"1";"Base JBP e acordos comerciais.xlsx";"2026-03-13 09:08:13";"31";"GUARAPARI";"1";"GUARAPARI";"PLANO DE INTRODUÇÃO";"NULL";"OUTUBRO/25 À MARÇO/26";"2025-10";"2026-03";"2025-10 a 2026-03";"normalizado";"NULL";"NULL";"NULL";"NULL";"NULL";"84";"cadastros_vinculados";"9";"CADASTRO";"cadastro";"DETERGENTE";"5L";"CLEAR / NEUTRO";"NULL";"73";"DETERGENTE | 5L | CLEAR / NEUTRO"
"20";"1";"Base JBP e acordos comerciais.xlsx";"2026-03-13 09:08:13";"31";"GUARAPARI";"1";"GUARAPARI";"PLANO DE INTRODUÇÃO";"NULL";"OUTUBRO/25 À MARÇO/26";"2025-10";"2026-03";"2025-10 a 2026-03";"normalizado";"NULL";"NULL";"NULL";"NULL";"NULL";"85";"cadastros_vinculados";"10";"CADASTRO";"cadastro";"ALVEJANTE S/CLORO";"2L";"NULL";"NULL";"74";"ALVEJANTE S/CLORO | 2L"
"21";"1";"Base JBP e acordos comerciais.xlsx";"2026-03-13 09:08:13";"31";"ROXO";"1";"ROXO";"PLANO DE NEGÓCIOS";"NULL";"JANEIRO À DEZEMBRO/26";"2026-01";"2026-12";"2026-01 a 2026-12";"normalizado";"NULL";"NULL";"NULL";"NULL";"NULL";"86";"cadastros_vinculados";"1";"CADASTRO";"cadastro";"Amaciante Concentrado";"1,5L";"Ternura | Harmonia (PROMO)";"NULL";"79";"Amaciante Concentrado | 1,5L | Ternura | Harmonia (PROMO)"
"21";"1";"Base JBP e acordos comerciais.xlsx";"2026-03-13 09:08:13";"31";"ROXO";"1";"ROXO";"PLANO DE NEGÓCIOS";"NULL";"JANEIRO À DEZEMBRO/26";"2026-01";"2026-12";"2026-01 a 2026-12";"normalizado";"NULL";"NULL";"NULL";"NULL";"NULL";"87";"cadastros_vinculados";"2";"CADASTRO";"cadastro";"Lava Roupas Lavagem Rápida";"1L";"Total Clean (EAN 789830200 645 4) | Fresh Clean (EAN 789830200 646 1)";"NULL";"80";"Lava Roupas Lavagem Rápida | 1L | Total Clean (EAN 789830200 645 4) | Fresh Clean (EAN 789830200 646 1)"
"21";"1";"Base JBP e acordos comerciais.xlsx";"2026-03-13 09:08:13";"31";"ROXO";"1";"ROXO";"PLANO DE NEGÓCIOS";"NULL";"JANEIRO À DEZEMBRO/26";"2026-01";"2026-12";"2026-01 a 2026-12";"normalizado";"NULL";"NULL";"NULL";"NULL";"NULL";"88";"cadastros_vinculados";"3";"CADASTRO";"cadastro";"Lava Roupas Lavagem Rápida";"1,5L";"Total Clean (EAN 789830200 647 8) | Fresh Clean (EAN 789830200 648 5)";"NULL";"81";"Lava Roupas Lavagem Rápida | 1,5L | Total Clean (EAN 789830200 647 8) | Fresh Clean (EAN 789830200 648 5)"
"22";"1";"Base JBP e acordos comerciais.xlsx";"2026-03-13 09:08:13";"31";"TREICHEL";"1";"TREICHEL";"PLANO DE NEGÓCIOS";"NULL";"JANEIRO À DEZEMBRO/26";"2026-01";"2026-12";"2026-01 a 2026-12";"normalizado";"NULL";"NULL";"NULL";"NULL";"NULL";"89";"cadastros_vinculados";"1";"CADASTRO";"cadastro";"Amaciante Concentrado";"1,5L";"PROMO - Harmonia | Ternura |Mistério (substituir o cadastro do Pack)";"NULL";"49";"Amaciante Concentrado | 1,5L | PROMO - Harmonia | Ternura |Mistério (substituir o cadastro do Pack)"
"22";"1";"Base JBP e acordos comerciais.xlsx";"2026-03-13 09:08:13";"31";"TREICHEL";"1";"TREICHEL";"PLANO DE NEGÓCIOS";"NULL";"JANEIRO À DEZEMBRO/26";"2026-01";"2026-12";"2026-01 a 2026-12";"normalizado";"NULL";"NULL";"NULL";"NULL";"NULL";"90";"cadastros_vinculados";"2";"CADASTRO";"cadastro";"Amaciante Concentrado";"1L";"Harmonia | Ternura";"NULL";"50";"Amaciante Concentrado | 1L | Harmonia | Ternura"
"22";"1";"Base JBP e acordos comerciais.xlsx";"2026-03-13 09:08:13";"31";"TREICHEL";"1";"TREICHEL";"PLANO DE NEGÓCIOS";"NULL";"JANEIRO À DEZEMBRO/26";"2026-01";"2026-12";"2026-01 a 2026-12";"normalizado";"NULL";"NULL";"NULL";"NULL";"NULL";"91";"cadastros_vinculados";"3";"CADASTRO";"cadastro";"Lava Roupas Pó";"1.600kg";"Multiação | Flores Brancas";"NULL";"51";"Lava Roupas Pó | 1.600kg | Multiação | Flores Brancas"
"22";"1";"Base JBP e acordos comerciais.xlsx";"2026-03-13 09:08:13";"31";"TREICHEL";"1";"TREICHEL";"PLANO DE NEGÓCIOS";"NULL";"JANEIRO À DEZEMBRO/26";"2026-01";"2026-12";"2026-01 a 2026-12";"normalizado";"NULL";"NULL";"NULL";"NULL";"NULL";"92";"cadastros_vinculados";"4";"CADASTRO";"cadastro";"Lava Roupas Lavagem Rápida";"1L";"Total Clean (EAN 789830200 645 4) | Fresh Clean (EAN 789830200 646 1)";"NULL";"52";"Lava Roupas Lavagem Rápida | 1L | Total Clean (EAN 789830200 645 4) | Fresh Clean (EAN 789830200 646 1)"
"22";"1";"Base JBP e acordos comerciais.xlsx";"2026-03-13 09:08:13";"31";"TREICHEL";"1";"TREICHEL";"PLANO DE NEGÓCIOS";"NULL";"JANEIRO À DEZEMBRO/26";"2026-01";"2026-12";"2026-01 a 2026-12";"normalizado";"NULL";"NULL";"NULL";"NULL";"NULL";"93";"cadastros_vinculados";"5";"CADASTRO";"cadastro";"Lava Roupas Lavagem Rápida";"1,5L";"Total Clean (EAN 789830200 647 8) | Fresh Clean (EAN 789830200 648 5)";"NULL";"53";"Lava Roupas Lavagem Rápida | 1,5L | Total Clean (EAN 789830200 647 8) | Fresh Clean (EAN 789830200 648 5)"
"23";"1";"Base JBP e acordos comerciais.xlsx";"2026-03-13 09:08:13";"31";"JEPSEN";"1";"JEPSEN";"PLANO DE NEGÓCIOS";"NULL";"JANEIRO À DEZEMBRO/26";"2026-01";"2026-12";"2026-01 a 2026-12";"normalizado";"NULL";"NULL";"NULL";"NULL";"NULL";"94";"cadastros_vinculados";"1";"CADASTRO";"cadastro";"Amaciante Concentrado";"1,5L";"Ternura | Harmonia (PROMO)";"NULL";"82";"Amaciante Concentrado | 1,5L | Ternura | Harmonia (PROMO)"
"23";"1";"Base JBP e acordos comerciais.xlsx";"2026-03-13 09:08:13";"31";"JEPSEN";"1";"JEPSEN";"PLANO DE NEGÓCIOS";"NULL";"JANEIRO À DEZEMBRO/26";"2026-01";"2026-12";"2026-01 a 2026-12";"normalizado";"NULL";"NULL";"NULL";"NULL";"NULL";"95";"cadastros_vinculados";"2";"CADASTRO";"cadastro";"Lava Roupas Lavagem Rápida";"1L";"Total Clean (EAN 789830200 645 4) | Fresh Clean (EAN 789830200 646 1)";"NULL";"83";"Lava Roupas Lavagem Rápida | 1L | Total Clean (EAN 789830200 645 4) | Fresh Clean (EAN 789830200 646 1)"
"23";"1";"Base JBP e acordos comerciais.xlsx";"2026-03-13 09:08:13";"31";"JEPSEN";"1";"JEPSEN";"PLANO DE NEGÓCIOS";"NULL";"JANEIRO À DEZEMBRO/26";"2026-01";"2026-12";"2026-01 a 2026-12";"normalizado";"NULL";"NULL";"NULL";"NULL";"NULL";"96";"cadastros_vinculados";"3";"CADASTRO";"cadastro";"Lava Roupas Lavagem Rápida";"1,5L";"Total Clean (EAN 789830200 647 8) | Fresh Clean (EAN 789830200 648 5)";"NULL";"84";"Lava Roupas Lavagem Rápida | 1,5L | Total Clean (EAN 789830200 647 8) | Fresh Clean (EAN 789830200 648 5)"
"24";"1";"Base JBP e acordos comerciais.xlsx";"2026-03-13 09:08:13";"31";"REDE AMMA";"1";"REDE AMMA";"PLANO DE INTRODUÇÃO";"NULL";"NULL";"NULL";"NULL";"NULL";"NULL";"NULL";"NULL";"NULL";"NULL";"NULL";"97";"cadastros_vinculados";"1";"CADASTRO";"cadastro";"Agua Sanitária";"5L";"NULL";"NULL";"46";"Agua Sanitária | 5L"
"24";"1";"Base JBP e acordos comerciais.xlsx";"2026-03-13 09:08:13";"31";"REDE AMMA";"1";"REDE AMMA";"PLANO DE INTRODUÇÃO";"NULL";"NULL";"NULL";"NULL";"NULL";"NULL";"NULL";"NULL";"NULL";"NULL";"NULL";"98";"cadastros_vinculados";"2";"CADASTRO";"cadastro";"Alvejante sem Cloro";"2L | 5L";"NULL";"NULL";"47";"Alvejante sem Cloro | 2L | 5L"
"24";"1";"Base JBP e acordos comerciais.xlsx";"2026-03-13 09:08:13";"31";"REDE AMMA";"1";"REDE AMMA";"PLANO DE INTRODUÇÃO";"NULL";"NULL";"NULL";"NULL";"NULL";"NULL";"NULL";"NULL";"NULL";"NULL";"NULL";"99";"cadastros_vinculados";"3";"CADASTRO";"cadastro";"Amaciante";"5L";"Frescor da Manhã | Sedução | Magia";"NULL";"48";"Amaciante | 5L | Frescor da Manhã | Sedução | Magia"
"24";"1";"Base JBP e acordos comerciais.xlsx";"2026-03-13 09:08:13";"31";"REDE AMMA";"1";"REDE AMMA";"PLANO DE INTRODUÇÃO";"NULL";"NULL";"NULL";"NULL";"NULL";"NULL";"NULL";"NULL";"NULL";"NULL";"NULL";"100";"cadastros_vinculados";"4";"CADASTRO";"cadastro";"Amaciante Concentrado";"1L";"Hamonia | Ternura| Mistério";"NULL";"49";"Amaciante Concentrado | 1L | Hamonia | Ternura| Mistério"
"24";"1";"Base JBP e acordos comerciais.xlsx";"2026-03-13 09:08:13";"31";"REDE AMMA";"1";"REDE AMMA";"PLANO DE INTRODUÇÃO";"NULL";"NULL";"NULL";"NULL";"NULL";"NULL";"NULL";"NULL";"NULL";"NULL";"NULL";"101";"cadastros_vinculados";"5";"CADASTRO";"cadastro";"Amaciante Concentrado";"1,5L";"PROMO - Hamonia | Ternura| Mistério";"NULL";"50";"Amaciante Concentrado | 1,5L | PROMO - Hamonia | Ternura| Mistério"
"24";"1";"Base JBP e acordos comerciais.xlsx";"2026-03-13 09:08:13";"31";"REDE AMMA";"1";"REDE AMMA";"PLANO DE INTRODUÇÃO";"NULL";"NULL";"NULL";"NULL";"NULL";"NULL";"NULL";"NULL";"NULL";"NULL";"NULL";"102";"cadastros_vinculados";"6";"CADASTRO";"cadastro";"Lava Roupas";"1L";"Tradicional";"NULL";"51";"Lava Roupas | 1L | Tradicional"
"24";"1";"Base JBP e acordos comerciais.xlsx";"2026-03-13 09:08:13";"31";"REDE AMMA";"1";"REDE AMMA";"PLANO DE INTRODUÇÃO";"NULL";"NULL";"NULL";"NULL";"NULL";"NULL";"NULL";"NULL";"NULL";"NULL";"NULL";"103";"cadastros_vinculados";"7";"CADASTRO";"cadastro";"Lava Roupas";"3L";"Multiação | Glicerina";"NULL";"52";"Lava Roupas | 3L | Multiação | Glicerina"
"24";"1";"Base JBP e acordos comerciais.xlsx";"2026-03-13 09:08:13";"31";"REDE AMMA";"1";"REDE AMMA";"PLANO DE INTRODUÇÃO";"NULL";"NULL";"NULL";"NULL";"NULL";"NULL";"NULL";"NULL";"NULL";"NULL";"NULL";"104";"cadastros_vinculados";"8";"CADASTRO";"cadastro";"Lava Roupas - Lavagem Rápida";"1L | 1,5L";"Total Clean | Fresh Clean";"NULL";"53";"Lava Roupas - Lavagem Rápida | 1L | 1,5L | Total Clean | Fresh Clean"
"24";"1";"Base JBP e acordos comerciais.xlsx";"2026-03-13 09:08:13";"31";"REDE AMMA";"1";"REDE AMMA";"PLANO DE INTRODUÇÃO";"NULL";"NULL";"NULL";"NULL";"NULL";"NULL";"NULL";"NULL";"NULL";"NULL";"NULL";"105";"cadastros_vinculados";"9";"CADASTRO";"cadastro";"Lava Roupas";"4K";"Multiação | Flores Brancas";"NULL";"54";"Lava Roupas | 4K | Multiação | Flores Brancas"
"24";"1";"Base JBP e acordos comerciais.xlsx";"2026-03-13 09:08:13";"31";"REDE AMMA";"1";"REDE AMMA";"PLANO DE INTRODUÇÃO";"NULL";"NULL";"NULL";"NULL";"NULL";"NULL";"NULL";"NULL";"NULL";"NULL";"NULL";"106";"cadastros_vinculados";"10";"CADASTRO";"cadastro";"Desinfetante";"2L | 5L";"Campos de Lavanda | Paixão | Chá Branco";"NULL";"55";"Desinfetante | 2L | 5L | Campos de Lavanda | Paixão | Chá Branco"
"24";"1";"Base JBP e acordos comerciais.xlsx";"2026-03-13 09:08:13";"31";"REDE AMMA";"1";"REDE AMMA";"PLANO DE INTRODUÇÃO";"NULL";"NULL";"NULL";"NULL";"NULL";"NULL";"NULL";"NULL";"NULL";"NULL";"NULL";"107";"cadastros_vinculados";"11";"CADASTRO";"cadastro";"Desengordurante";"500ml";"Pulverizador | Squeeze";"NULL";"56";"Desengordurante | 500ml | Pulverizador | Squeeze"
"24";"1";"Base JBP e acordos comerciais.xlsx";"2026-03-13 09:08:13";"31";"REDE AMMA";"1";"REDE AMMA";"PLANO DE INTRODUÇÃO";"NULL";"NULL";"NULL";"NULL";"NULL";"NULL";"NULL";"NULL";"NULL";"NULL";"NULL";"108";"cadastros_vinculados";"12";"CADASTRO";"cadastro";"Limpa Vidros";"500ml";"Pulverizador | Squeeze";"NULL";"57";"Limpa Vidros | 500ml | Pulverizador | Squeeze"
"24";"1";"Base JBP e acordos comerciais.xlsx";"2026-03-13 09:08:13";"31";"REDE AMMA";"1";"REDE AMMA";"PLANO DE INTRODUÇÃO";"NULL";"NULL";"NULL";"NULL";"NULL";"NULL";"NULL";"NULL";"NULL";"NULL";"NULL";"109";"cadastros_vinculados";"13";"CADASTRO";"cadastro";"Limpador Perfumado";"2L";"Magia e Sedução | Doce Romance | Essencia Natural";"NULL";"58";"Limpador Perfumado | 2L | Magia e Sedução | Doce Romance | Essencia Natural"
"24";"1";"Base JBP e acordos comerciais.xlsx";"2026-03-13 09:08:13";"31";"REDE AMMA";"1";"REDE AMMA";"PLANO DE INTRODUÇÃO";"NULL";"NULL";"NULL";"NULL";"NULL";"NULL";"NULL";"NULL";"NULL";"NULL";"NULL";"110";"cadastros_vinculados";"14";"CADASTRO";"cadastro";"Multiuso";"1L";"Original | Lavanda";"NULL";"59";"Multiuso | 1L | Original | Lavanda"
"25";"1";"Base JBP e acordos comerciais.xlsx";"2026-03-13 09:08:13";"31";"BONATO";"1";"L C BONATO";"PLANO DE NEGÓCIOS";"NULL";"JANEIRO À DEZEMBRO/26";"2026-01";"2026-12";"2026-01 a 2026-12";"normalizado";"NULL";"NULL";"NULL";"NULL";"NULL";"111";"cadastros_vinculados";"1";"CADASTRO";"cadastro";"Amaciante Concentrado";"1,5L";"PROMO - Mistério";"NULL";"62";"Amaciante Concentrado | 1,5L | PROMO - Mistério"
"25";"1";"Base JBP e acordos comerciais.xlsx";"2026-03-13 09:08:13";"31";"BONATO";"1";"L C BONATO";"PLANO DE NEGÓCIOS";"NULL";"JANEIRO À DEZEMBRO/26";"2026-01";"2026-12";"2026-01 a 2026-12";"normalizado";"NULL";"NULL";"NULL";"NULL";"NULL";"112";"cadastros_vinculados";"2";"CADASTRO";"cadastro";"Lava Roupas Lavagem Rápida";"1L";"Total Clean (EAN 789830200 645 4) | Fresh Clean (EAN 789830200 646 1)";"NULL";"63";"Lava Roupas Lavagem Rápida | 1L | Total Clean (EAN 789830200 645 4) | Fresh Clean (EAN 789830200 646 1)"
"25";"1";"Base JBP e acordos comerciais.xlsx";"2026-03-13 09:08:13";"31";"BONATO";"1";"L C BONATO";"PLANO DE NEGÓCIOS";"NULL";"JANEIRO À DEZEMBRO/26";"2026-01";"2026-12";"2026-01 a 2026-12";"normalizado";"NULL";"NULL";"NULL";"NULL";"NULL";"113";"cadastros_vinculados";"3";"CADASTRO";"cadastro";"Lava Roupas Lavagem Rápida";"1,5L";"Total Clean (EAN 789830200 647 8) | Fresh Clean (EAN 789830200 648 5)";"NULL";"64";"Lava Roupas Lavagem Rápida | 1,5L | Total Clean (EAN 789830200 647 8) | Fresh Clean (EAN 789830200 648 5)"
"26";"1";"Base JBP e acordos comerciais.xlsx";"2026-03-13 09:08:13";"31";"STOCK-ARCHER";"1";"STOCK/ARCHER";"PLANO DE NEGÓCIOS";"NULL";"JANEIRO À DEZEMBRO/26";"2026-01";"2026-12";"2026-01 a 2026-12";"normalizado";"NULL";"NULL";"NULL";"NULL";"NULL";"114";"cadastros_vinculados";"1";"CADASTRO";"cadastro";"Amaciante Concentrado";"1,5L";"PROMO - Ternura | Harmonia | Mistério";"NULL";"74";"Amaciante Concentrado | 1,5L | PROMO - Ternura | Harmonia | Mistério"
"26";"1";"Base JBP e acordos comerciais.xlsx";"2026-03-13 09:08:13";"31";"STOCK-ARCHER";"1";"STOCK/ARCHER";"PLANO DE NEGÓCIOS";"NULL";"JANEIRO À DEZEMBRO/26";"2026-01";"2026-12";"2026-01 a 2026-12";"normalizado";"NULL";"NULL";"NULL";"NULL";"NULL";"115";"cadastros_vinculados";"2";"CADASTRO";"cadastro";"Lava Roupas";"3L e 5L";"Multiação | Ternura";"NULL";"75";"Lava Roupas | 3L e 5L | Multiação | Ternura"
"26";"1";"Base JBP e acordos comerciais.xlsx";"2026-03-13 09:08:13";"31";"STOCK-ARCHER";"1";"STOCK/ARCHER";"PLANO DE NEGÓCIOS";"NULL";"JANEIRO À DEZEMBRO/26";"2026-01";"2026-12";"2026-01 a 2026-12";"normalizado";"NULL";"NULL";"NULL";"NULL";"NULL";"116";"cadastros_vinculados";"3";"CADASTRO";"cadastro";"Lava Roupas Pó";"1.600kg";"Multiação | Flores Brancas";"NULL";"76";"Lava Roupas Pó | 1.600kg | Multiação | Flores Brancas"
"26";"1";"Base JBP e acordos comerciais.xlsx";"2026-03-13 09:08:13";"31";"STOCK-ARCHER";"1";"STOCK/ARCHER";"PLANO DE NEGÓCIOS";"NULL";"JANEIRO À DEZEMBRO/26";"2026-01";"2026-12";"2026-01 a 2026-12";"normalizado";"NULL";"NULL";"NULL";"NULL";"NULL";"117";"cadastros_vinculados";"4";"CADASTRO";"cadastro";"Lava Roupas Lavagem Rápida";"1L";"Total Clean (EAN 789830200 645 4) | Fresh Clean (EAN 789830200 646 1)";"NULL";"77";"Lava Roupas Lavagem Rápida | 1L | Total Clean (EAN 789830200 645 4) | Fresh Clean (EAN 789830200 646 1)"
"26";"1";"Base JBP e acordos comerciais.xlsx";"2026-03-13 09:08:13";"31";"STOCK-ARCHER";"1";"STOCK/ARCHER";"PLANO DE NEGÓCIOS";"NULL";"JANEIRO À DEZEMBRO/26";"2026-01";"2026-12";"2026-01 a 2026-12";"normalizado";"NULL";"NULL";"NULL";"NULL";"NULL";"118";"cadastros_vinculados";"5";"CADASTRO";"cadastro";"Lava Roupas Lavagem Rápida";"1,5L";"Total Clean (EAN 789830200 647 8) | Fresh Clean (EAN 789830200 648 5)";"NULL";"78";"Lava Roupas Lavagem Rápida | 1,5L | Total Clean (EAN 789830200 647 8) | Fresh Clean (EAN 789830200 648 5)"
"26";"1";"Base JBP e acordos comerciais.xlsx";"2026-03-13 09:08:13";"31";"STOCK-ARCHER";"1";"STOCK/ARCHER";"PLANO DE NEGÓCIOS";"NULL";"JANEIRO À DEZEMBRO/26";"2026-01";"2026-12";"2026-01 a 2026-12";"normalizado";"NULL";"NULL";"NULL";"NULL";"NULL";"119";"cadastros_vinculados";"6";"CADASTRO";"cadastro";"Desinfetante";"2L";"Paixão | Campos de Lavanda | Marine";"NULL";"79";"Desinfetante | 2L | Paixão | Campos de Lavanda | Marine"
"26";"1";"Base JBP e acordos comerciais.xlsx";"2026-03-13 09:08:13";"31";"STOCK-ARCHER";"1";"STOCK/ARCHER";"PLANO DE NEGÓCIOS";"NULL";"JANEIRO À DEZEMBRO/26";"2026-01";"2026-12";"2026-01 a 2026-12";"normalizado";"NULL";"NULL";"NULL";"NULL";"NULL";"120";"cadastros_vinculados";"1";"SUBSTITUIÇÃO/LIBERAÇÃO";"substituicao_liberacao";"Lava Roupas";"1L";"Substituir Glicerina por Flores Brancas";"NULL";"83";"Lava Roupas | 1L | Substituir Glicerina por Flores Brancas"
"27";"1";"Base JBP e acordos comerciais.xlsx";"2026-03-13 09:08:13";"31";"MAXFORT";"1";"MAXFORT ATACADO";"PLANO DE INTRODUÇÃO";"NULL";"NULL";"NULL";"NULL";"NULL";"NULL";"NULL";"NULL";"NULL";"NULL";"NULL";"121";"cadastros_vinculados";"1";"CADASTRO";"cadastro";"Amaciante Conc. PROMO";"1,5L";"Ternura l Harmonia | Mistério";"NULL";"51";"Amaciante Conc. PROMO | 1,5L | Ternura l Harmonia | Mistério"
"27";"1";"Base JBP e acordos comerciais.xlsx";"2026-03-13 09:08:13";"31";"MAXFORT";"1";"MAXFORT ATACADO";"PLANO DE INTRODUÇÃO";"NULL";"NULL";"NULL";"NULL";"NULL";"NULL";"NULL";"NULL";"NULL";"NULL";"NULL";"122";"cadastros_vinculados";"2";"CADASTRO";"cadastro";"Desinfetante";"2L e 5L";"Chá Branco";"NULL";"52";"Desinfetante | 2L e 5L | Chá Branco"
"27";"1";"Base JBP e acordos comerciais.xlsx";"2026-03-13 09:08:13";"31";"MAXFORT";"1";"MAXFORT ATACADO";"PLANO DE INTRODUÇÃO";"NULL";"NULL";"NULL";"NULL";"NULL";"NULL";"NULL";"NULL";"NULL";"NULL";"NULL";"123";"cadastros_vinculados";"3";"CADASTRO";"cadastro";"Lava Roupas Lavagem Rápida";"1L";"Total Clean (EAN 789830200 645 4) | Fresh Clean (EAN 789830200 646 1)";"NULL";"53";"Lava Roupas Lavagem Rápida | 1L | Total Clean (EAN 789830200 645 4) | Fresh Clean (EAN 789830200 646 1)"
"27";"1";"Base JBP e acordos comerciais.xlsx";"2026-03-13 09:08:13";"31";"MAXFORT";"1";"MAXFORT ATACADO";"PLANO DE INTRODUÇÃO";"NULL";"NULL";"NULL";"NULL";"NULL";"NULL";"NULL";"NULL";"NULL";"NULL";"NULL";"124";"cadastros_vinculados";"4";"CADASTRO";"cadastro";"Lava Roupas Lavagem Rápida";"1,5L";"Total Clean (EAN 789830200 647 8) | Fresh Clean (EAN 789830200 648 5)";"NULL";"54";"Lava Roupas Lavagem Rápida | 1,5L | Total Clean (EAN 789830200 647 8) | Fresh Clean (EAN 789830200 648 5)"
"30";"1";"Base JBP e acordos comerciais.xlsx";"2026-03-13 09:08:13";"31";"NICOLINI";"1";"OSMAR NICOLINI";"PLANO DE NEGÓCIOS";"NULL";"MARÇO/25 A FEVEREIRO/26";"2025-03";"2026-02";"2025-03 a 2026-02";"normalizado";"NULL";"NULL";"NULL";"NULL";"NULL";"125";"cadastros_vinculados";"1";"CADASTRO";"cadastro";"Agua Sanitária";"5L";"NULL";"NULL";"67";"Agua Sanitária | 5L"
"30";"1";"Base JBP e acordos comerciais.xlsx";"2026-03-13 09:08:13";"31";"NICOLINI";"1";"OSMAR NICOLINI";"PLANO DE NEGÓCIOS";"NULL";"MARÇO/25 A FEVEREIRO/26";"2025-03";"2026-02";"2025-03 a 2026-02";"normalizado";"NULL";"NULL";"NULL";"NULL";"NULL";"126";"cadastros_vinculados";"2";"CADASTRO";"cadastro";"Amac. Concentrado Promo";"15 L";"Harmonia | Ternura";"NULL";"68";"Amac. Concentrado Promo | 15 L | Harmonia | Ternura"
"30";"1";"Base JBP e acordos comerciais.xlsx";"2026-03-13 09:08:13";"31";"NICOLINI";"1";"OSMAR NICOLINI";"PLANO DE NEGÓCIOS";"NULL";"MARÇO/25 A FEVEREIRO/26";"2025-03";"2026-02";"2025-03 a 2026-02";"normalizado";"NULL";"NULL";"NULL";"NULL";"NULL";"127";"cadastros_vinculados";"3";"CADASTRO";"cadastro";"Amac. Concentrado Promo";"1,5L";"Harmonia | Ternura";"NULL";"69";"Amac. Concentrado Promo | 1,5L | Harmonia | Ternura"
"30";"1";"Base JBP e acordos comerciais.xlsx";"2026-03-13 09:08:13";"31";"NICOLINI";"1";"OSMAR NICOLINI";"PLANO DE NEGÓCIOS";"NULL";"MARÇO/25 A FEVEREIRO/26";"2025-03";"2026-02";"2025-03 a 2026-02";"normalizado";"NULL";"NULL";"NULL";"NULL";"NULL";"128";"cadastros_vinculados";"4";"CADASTRO";"cadastro";"Lava Roupas";"2L";"Multiação | Glicerina";"NULL";"70";"Lava Roupas | 2L | Multiação | Glicerina"
"30";"1";"Base JBP e acordos comerciais.xlsx";"2026-03-13 09:08:13";"31";"NICOLINI";"1";"OSMAR NICOLINI";"PLANO DE NEGÓCIOS";"NULL";"MARÇO/25 A FEVEREIRO/26";"2025-03";"2026-02";"2025-03 a 2026-02";"normalizado";"NULL";"NULL";"NULL";"NULL";"NULL";"129";"cadastros_vinculados";"1";"LIBERAÇÃO (PARA TODAS AS LOJAS)";"liberacao";"Desinfetante";"5 L";"Lavanda | Paixão | Energia | Harmonia";"De 8 para 17 lojas";"74";"Desinfetante | 5 L | Lavanda | Paixão | Energia | Harmonia | De 8 para 17 lojas"
"30";"1";"Base JBP e acordos comerciais.xlsx";"2026-03-13 09:08:13";"31";"NICOLINI";"1";"OSMAR NICOLINI";"PLANO DE NEGÓCIOS";"NULL";"MARÇO/25 A FEVEREIRO/26";"2025-03";"2026-02";"2025-03 a 2026-02";"normalizado";"NULL";"NULL";"NULL";"NULL";"NULL";"130";"cadastros_vinculados";"2";"LIBERAÇÃO (PARA TODAS AS LOJAS)";"liberacao";"Amaciante";"2L";"Lavanda | Paixão | Energia | Harmonia";"De 14 para 17 lojas";"75";"Amaciante | 2L | Lavanda | Paixão | Energia | Harmonia | De 14 para 17 lojas"
"30";"1";"Base JBP e acordos comerciais.xlsx";"2026-03-13 09:08:13";"31";"NICOLINI";"1";"OSMAR NICOLINI";"PLANO DE NEGÓCIOS";"NULL";"MARÇO/25 A FEVEREIRO/26";"2025-03";"2026-02";"2025-03 a 2026-02";"normalizado";"NULL";"NULL";"NULL";"NULL";"NULL";"131";"cadastros_vinculados";"3";"LIBERAÇÃO (PARA TODAS AS LOJAS)";"liberacao";"Amaci. Concentrado";"1L";"Harmonia | Ternura | Sedução | Mistério";"De 7 para 17 lojas";"76";"Amaci. Concentrado | 1L | Harmonia | Ternura | Sedução | Mistério | De 7 para 17 lojas"
"30";"1";"Base JBP e acordos comerciais.xlsx";"2026-03-13 09:08:13";"31";"NICOLINI";"1";"OSMAR NICOLINI";"PLANO DE NEGÓCIOS";"NULL";"MARÇO/25 A FEVEREIRO/26";"2025-03";"2026-02";"2025-03 a 2026-02";"normalizado";"NULL";"NULL";"NULL";"NULL";"NULL";"132";"cadastros_vinculados";"4";"LIBERAÇÃO (PARA TODAS AS LOJAS)";"liberacao";"Amaci. Concentrado";"1L";"Pack Promocional 30%";"De 4 para 17 lojas";"77";"Amaci. Concentrado | 1L | Pack Promocional 30% | De 4 para 17 lojas"
"31";"1";"Base JBP e acordos comerciais.xlsx";"2026-03-13 09:08:13";"31";"IMEC-DESCO";"1";"IMEC/DESCO";"JBP";"NULL";"FEVEREIRO À DEZEMBRO/26";"2026-02";"2026-12";"2026-02 a 2026-12";"normalizado";"MARÇO/26 À JANEIRO/27";"2026-03";"2027-01";"2026-03 a 2027-01";"normalizado";"133";"cadastros_vinculados";"1";"CADASTRO DESCO/IMEC";"cadastro";"Lava Roupas";"7L";"Versão Pró";"NULL";"76";"Lava Roupas | 7L | Versão Pró"
"31";"1";"Base JBP e acordos comerciais.xlsx";"2026-03-13 09:08:13";"31";"IMEC-DESCO";"1";"IMEC/DESCO";"JBP";"NULL";"FEVEREIRO À DEZEMBRO/26";"2026-02";"2026-12";"2026-02 a 2026-12";"normalizado";"MARÇO/26 À JANEIRO/27";"2026-03";"2027-01";"2026-03 a 2027-01";"normalizado";"134";"cadastros_vinculados";"2";"CADASTRO DESCO/IMEC";"cadastro";"Lava Roupas Lavagem Rápida";"1,5L";"Total Clean (EAN 789830200 647 8) | Fresh Clean (EAN 789830200 648 5)";"NULL";"77";"Lava Roupas Lavagem Rápida | 1,5L | Total Clean (EAN 789830200 647 8) | Fresh Clean (EAN 789830200 648 5)"
"31";"1";"Base JBP e acordos comerciais.xlsx";"2026-03-13 09:08:13";"31";"IMEC-DESCO";"1";"IMEC/DESCO";"JBP";"NULL";"FEVEREIRO À DEZEMBRO/26";"2026-02";"2026-12";"2026-02 a 2026-12";"normalizado";"MARÇO/26 À JANEIRO/27";"2026-03";"2027-01";"2026-03 a 2027-01";"normalizado";"135";"cadastros_vinculados";"3";"CADASTRO DESCO/IMEC";"cadastro";"Multiuso";"1L";"Original - Gatilho";"NULL";"78";"Multiuso | 1L | Original - Gatilho"
"31";"1";"Base JBP e acordos comerciais.xlsx";"2026-03-13 09:08:13";"31";"IMEC-DESCO";"1";"IMEC/DESCO";"JBP";"NULL";"FEVEREIRO À DEZEMBRO/26";"2026-02";"2026-12";"2026-02 a 2026-12";"normalizado";"MARÇO/26 À JANEIRO/27";"2026-03";"2027-01";"2026-03 a 2027-01";"normalizado";"136";"cadastros_vinculados";"4";"CADASTRO DESCO/IMEC";"cadastro";"Multiuso";"1L";"Poder O2 - Gatilho";"NULL";"79";"Multiuso | 1L | Poder O2 - Gatilho"
"31";"1";"Base JBP e acordos comerciais.xlsx";"2026-03-13 09:08:13";"31";"IMEC-DESCO";"1";"IMEC/DESCO";"JBP";"NULL";"FEVEREIRO À DEZEMBRO/26";"2026-02";"2026-12";"2026-02 a 2026-12";"normalizado";"MARÇO/26 À JANEIRO/27";"2026-03";"2027-01";"2026-03 a 2027-01";"normalizado";"137";"cadastros_vinculados";"1";"CADASTRO IMEC";"cadastro";"Amaciante Concentrado";"1,5L";"Ternura";"NULL";"82";"Amaciante Concentrado | 1,5L | Ternura"
"31";"1";"Base JBP e acordos comerciais.xlsx";"2026-03-13 09:08:13";"31";"IMEC-DESCO";"1";"IMEC/DESCO";"JBP";"NULL";"FEVEREIRO À DEZEMBRO/26";"2026-02";"2026-12";"2026-02 a 2026-12";"normalizado";"MARÇO/26 À JANEIRO/27";"2026-03";"2027-01";"2026-03 a 2027-01";"normalizado";"138";"cadastros_vinculados";"2";"CADASTRO IMEC";"cadastro";"Amaciante";"5L";"Sedução";"NULL";"83";"Amaciante | 5L | Sedução"
"31";"1";"Base JBP e acordos comerciais.xlsx";"2026-03-13 09:08:13";"31";"IMEC-DESCO";"1";"IMEC/DESCO";"JBP";"NULL";"FEVEREIRO À DEZEMBRO/26";"2026-02";"2026-12";"2026-02 a 2026-12";"normalizado";"MARÇO/26 À JANEIRO/27";"2026-03";"2027-01";"2026-03 a 2027-01";"normalizado";"139";"cadastros_vinculados";"3";"CADASTRO IMEC";"cadastro";"Desinfetante";"5L";"Lavanda | Marine";"NULL";"84";"Desinfetante | 5L | Lavanda | Marine"
"31";"1";"Base JBP e acordos comerciais.xlsx";"2026-03-13 09:08:13";"31";"IMEC-DESCO";"1";"IMEC/DESCO";"JBP";"NULL";"FEVEREIRO À DEZEMBRO/26";"2026-02";"2026-12";"2026-02 a 2026-12";"normalizado";"MARÇO/26 À JANEIRO/27";"2026-03";"2027-01";"2026-03 a 2027-01";"normalizado";"140";"cadastros_vinculados";"4";"CADASTRO IMEC";"cadastro";"Lava Roupas";"5L";"Ternura";"NULL";"85";"Lava Roupas | 5L | Ternura"
"31";"1";"Base JBP e acordos comerciais.xlsx";"2026-03-13 09:08:13";"31";"IMEC-DESCO";"1";"IMEC/DESCO";"JBP";"NULL";"FEVEREIRO À DEZEMBRO/26";"2026-02";"2026-12";"2026-02 a 2026-12";"normalizado";"MARÇO/26 À JANEIRO/27";"2026-03";"2027-01";"2026-03 a 2027-01";"normalizado";"141";"cadastros_vinculados";"1";"RETIRAR OS CADASTROS";"retirada_cadastro";"Amac. Concentrado";"1L";"Mistério";"NULL";"89";"Amac. Concentrado | 1L | Mistério"
"31";"1";"Base JBP e acordos comerciais.xlsx";"2026-03-13 09:08:13";"31";"IMEC-DESCO";"1";"IMEC/DESCO";"JBP";"NULL";"FEVEREIRO À DEZEMBRO/26";"2026-02";"2026-12";"2026-02 a 2026-12";"normalizado";"MARÇO/26 À JANEIRO/27";"2026-03";"2027-01";"2026-03 a 2027-01";"normalizado";"142";"cadastros_vinculados";"2";"RETIRAR OS CADASTROS";"retirada_cadastro";"Amac. Concentrado";"1L";"Pack";"NULL";"90";"Amac. Concentrado | 1L | Pack"
"31";"1";"Base JBP e acordos comerciais.xlsx";"2026-03-13 09:08:13";"31";"IMEC-DESCO";"1";"IMEC/DESCO";"JBP";"NULL";"FEVEREIRO À DEZEMBRO/26";"2026-02";"2026-12";"2026-02 a 2026-12";"normalizado";"MARÇO/26 À JANEIRO/27";"2026-03";"2027-01";"2026-03 a 2027-01";"normalizado";"143";"cadastros_vinculados";"3";"RETIRAR OS CADASTROS";"retirada_cadastro";"Desinfetante";"5L";"Marine";"NULL";"91";"Desinfetante | 5L | Marine"
"31";"1";"Base JBP e acordos comerciais.xlsx";"2026-03-13 09:08:13";"31";"IMEC-DESCO";"1";"IMEC/DESCO";"JBP";"NULL";"FEVEREIRO À DEZEMBRO/26";"2026-02";"2026-12";"2026-02 a 2026-12";"normalizado";"MARÇO/26 À JANEIRO/27";"2026-03";"2027-01";"2026-03 a 2027-01";"normalizado";"144";"cadastros_vinculados";"4";"RETIRAR OS CADASTROS";"retirada_cadastro";"Lava Roupas";"2L";"Baby | Glicerina";"NULL";"92";"Lava Roupas | 2L | Baby | Glicerina"
"32";"1";"Base JBP e acordos comerciais.xlsx";"2026-03-13 09:08:13";"31";"DIAS E KRIEGER ( POPULAR)";"1";"DIAS E KRIEGER ( POPULAR)";"PLANO DE INTRODUÇÃO";"NULL";"NULL";"NULL";"NULL";"NULL";"NULL";"NULL";"NULL";"NULL";"NULL";"NULL";"145";"cadastros_vinculados";"1";"CADASTRO";"cadastro";"LAVA ROUPAS";"3L E 5L";"MULTIAÇÃO";"NULL";"47";"LAVA ROUPAS | 3L E 5L | MULTIAÇÃO"
"32";"1";"Base JBP e acordos comerciais.xlsx";"2026-03-13 09:08:13";"31";"DIAS E KRIEGER ( POPULAR)";"1";"DIAS E KRIEGER ( POPULAR)";"PLANO DE INTRODUÇÃO";"NULL";"NULL";"NULL";"NULL";"NULL";"NULL";"NULL";"NULL";"NULL";"NULL";"NULL";"146";"cadastros_vinculados";"2";"CADASTRO";"cadastro";"CONCENTRADO";"1L";"TERNURA l HARMONIA";"NULL";"48";"CONCENTRADO | 1L | TERNURA l HARMONIA"
"32";"1";"Base JBP e acordos comerciais.xlsx";"2026-03-13 09:08:13";"31";"DIAS E KRIEGER ( POPULAR)";"1";"DIAS E KRIEGER ( POPULAR)";"PLANO DE INTRODUÇÃO";"NULL";"NULL";"NULL";"NULL";"NULL";"NULL";"NULL";"NULL";"NULL";"NULL";"NULL";"147";"cadastros_vinculados";"3";"CADASTRO";"cadastro";"CONCENTRADO PROMO";"1,5L";"VERSÕES";"NULL";"49";"CONCENTRADO PROMO | 1,5L | VERSÕES"
"32";"1";"Base JBP e acordos comerciais.xlsx";"2026-03-13 09:08:13";"31";"DIAS E KRIEGER ( POPULAR)";"1";"DIAS E KRIEGER ( POPULAR)";"PLANO DE INTRODUÇÃO";"NULL";"NULL";"NULL";"NULL";"NULL";"NULL";"NULL";"NULL";"NULL";"NULL";"NULL";"148";"cadastros_vinculados";"4";"CADASTRO";"cadastro";"DESINFETANTE";"2L E 5L";"VERSÕES";"NULL";"50";"DESINFETANTE | 2L E 5L | VERSÕES"
