"formulario_id";"importacao_id";"arquivo_nome";"processado_em";"total_abas";"aba_origem";"formulario_index";"cliente";"titulo_plano";"numero_acordo";"periodo_original";"periodo_inicio";"periodo_fim";"periodo_normalizado";"periodo_status";"periodo_acoes_original";"periodo_acoes_inicio";"periodo_acoes_fim";"periodo_acoes_normalizado";"periodo_acoes_status";"contrapartida_mensal_id";"bloco_origem";"linha_ordem";"mes";"mes_numero";"produto";"row_excel";"linha_original"
"2";"1";"Base JBP e acordos comerciais.xlsx";"2026-03-13 09:08:13";"31";"COMERCIAL SERRA";"1";"COMERCIAL SERRA";"PLANO DE NEGÓCIOS";"NULL";"JANEIRO À DEZEMBRO/26";"2026-01";"2026-12";"2026-01 a 2026-12";"normalizado";"NULL";"NULL";"NULL";"NULL";"NULL";"1";"encartes_obrigatorios";"NULL";"JANEIRO";"1";"Amac. Concentrado 1L";"45";"Amac. Concentrado 1L | Amac. Concentrado Promo 1,5L | Amac. Concentrado 1L"
"2";"1";"Base JBP e acordos comerciais.xlsx";"2026-03-13 09:08:13";"31";"COMERCIAL SERRA";"1";"COMERCIAL SERRA";"PLANO DE NEGÓCIOS";"NULL";"JANEIRO À DEZEMBRO/26";"2026-01";"2026-12";"2026-01 a 2026-12";"normalizado";"NULL";"NULL";"NULL";"NULL";"NULL";"2";"encartes_obrigatorios";"NULL";"MARÇO";"3";"Amac. Concentrado Promo 1,5L";"45";"Amac. Concentrado 1L | Amac. Concentrado Promo 1,5L | Amac. Concentrado 1L"
"2";"1";"Base JBP e acordos comerciais.xlsx";"2026-03-13 09:08:13";"31";"COMERCIAL SERRA";"1";"COMERCIAL SERRA";"PLANO DE NEGÓCIOS";"NULL";"JANEIRO À DEZEMBRO/26";"2026-01";"2026-12";"2026-01 a 2026-12";"normalizado";"NULL";"NULL";"NULL";"NULL";"NULL";"3";"encartes_obrigatorios";"NULL";"MAIO";"5";"Amac. Concentrado 1L";"45";"Amac. Concentrado 1L | Amac. Concentrado Promo 1,5L | Amac. Concentrado 1L"
"2";"1";"Base JBP e acordos comerciais.xlsx";"2026-03-13 09:08:13";"31";"COMERCIAL SERRA";"1";"COMERCIAL SERRA";"PLANO DE NEGÓCIOS";"NULL";"JANEIRO À DEZEMBRO/26";"2026-01";"2026-12";"2026-01 a 2026-12";"normalizado";"NULL";"NULL";"NULL";"NULL";"NULL";"4";"encartes_obrigatorios";"NULL";"JANEIRO";"1";"Lava Roupas 3L";"46";"Lava Roupas 3L | Lava Roupas 3L | Lava Roupas 3L"
"2";"1";"Base JBP e acordos comerciais.xlsx";"2026-03-13 09:08:13";"31";"COMERCIAL SERRA";"1";"COMERCIAL SERRA";"PLANO DE NEGÓCIOS";"NULL";"JANEIRO À DEZEMBRO/26";"2026-01";"2026-12";"2026-01 a 2026-12";"normalizado";"NULL";"NULL";"NULL";"NULL";"NULL";"5";"encartes_obrigatorios";"NULL";"MARÇO";"3";"Lava Roupas 3L";"46";"Lava Roupas 3L | Lava Roupas 3L | Lava Roupas 3L"
"2";"1";"Base JBP e acordos comerciais.xlsx";"2026-03-13 09:08:13";"31";"COMERCIAL SERRA";"1";"COMERCIAL SERRA";"PLANO DE NEGÓCIOS";"NULL";"JANEIRO À DEZEMBRO/26";"2026-01";"2026-12";"2026-01 a 2026-12";"normalizado";"NULL";"NULL";"NULL";"NULL";"NULL";"6";"encartes_obrigatorios";"NULL";"MAIO";"5";"Lava Roupas 3L";"46";"Lava Roupas 3L | Lava Roupas 3L | Lava Roupas 3L"
"2";"1";"Base JBP e acordos comerciais.xlsx";"2026-03-13 09:08:13";"31";"COMERCIAL SERRA";"1";"COMERCIAL SERRA";"PLANO DE NEGÓCIOS";"NULL";"JANEIRO À DEZEMBRO/26";"2026-01";"2026-12";"2026-01 a 2026-12";"normalizado";"NULL";"NULL";"NULL";"NULL";"NULL";"7";"encartes_obrigatorios";"NULL";"JULHO";"7";"Amac. Concentrado Promo 1,5L";"49";"Amac. Concentrado Promo 1,5L | Amac. Concentrado 1L | Amac. Concentrado Promo 1,5L"
"2";"1";"Base JBP e acordos comerciais.xlsx";"2026-03-13 09:08:13";"31";"COMERCIAL SERRA";"1";"COMERCIAL SERRA";"PLANO DE NEGÓCIOS";"NULL";"JANEIRO À DEZEMBRO/26";"2026-01";"2026-12";"2026-01 a 2026-12";"normalizado";"NULL";"NULL";"NULL";"NULL";"NULL";"8";"encartes_obrigatorios";"NULL";"SETEMBRO";"9";"Amac. Concentrado 1L";"49";"Amac. Concentrado Promo 1,5L | Amac. Concentrado 1L | Amac. Concentrado Promo 1,5L"
"2";"1";"Base JBP e acordos comerciais.xlsx";"2026-03-13 09:08:13";"31";"COMERCIAL SERRA";"1";"COMERCIAL SERRA";"PLANO DE NEGÓCIOS";"NULL";"JANEIRO À DEZEMBRO/26";"2026-01";"2026-12";"2026-01 a 2026-12";"normalizado";"NULL";"NULL";"NULL";"NULL";"NULL";"9";"encartes_obrigatorios";"NULL";"NOVEMBRO";"11";"Amac. Concentrado Promo 1,5L";"49";"Amac. Concentrado Promo 1,5L | Amac. Concentrado 1L | Amac. Concentrado Promo 1,5L"
"2";"1";"Base JBP e acordos comerciais.xlsx";"2026-03-13 09:08:13";"31";"COMERCIAL SERRA";"1";"COMERCIAL SERRA";"PLANO DE NEGÓCIOS";"NULL";"JANEIRO À DEZEMBRO/26";"2026-01";"2026-12";"2026-01 a 2026-12";"normalizado";"NULL";"NULL";"NULL";"NULL";"NULL";"10";"encartes_obrigatorios";"NULL";"JULHO";"7";"Lava Roupas 3L";"50";"Lava Roupas 3L | Lava Roupas 3L | Lava Roupas 3L"
"2";"1";"Base JBP e acordos comerciais.xlsx";"2026-03-13 09:08:13";"31";"COMERCIAL SERRA";"1";"COMERCIAL SERRA";"PLANO DE NEGÓCIOS";"NULL";"JANEIRO À DEZEMBRO/26";"2026-01";"2026-12";"2026-01 a 2026-12";"normalizado";"NULL";"NULL";"NULL";"NULL";"NULL";"11";"encartes_obrigatorios";"NULL";"SETEMBRO";"9";"Lava Roupas 3L";"50";"Lava Roupas 3L | Lava Roupas 3L | Lava Roupas 3L"
"2";"1";"Base JBP e acordos comerciais.xlsx";"2026-03-13 09:08:13";"31";"COMERCIAL SERRA";"1";"COMERCIAL SERRA";"PLANO DE NEGÓCIOS";"NULL";"JANEIRO À DEZEMBRO/26";"2026-01";"2026-12";"2026-01 a 2026-12";"normalizado";"NULL";"NULL";"NULL";"NULL";"NULL";"12";"encartes_obrigatorios";"NULL";"NOVEMBRO";"11";"Lava Roupas 3L";"50";"Lava Roupas 3L | Lava Roupas 3L | Lava Roupas 3L"
"4";"1";"Base JBP e acordos comerciais.xlsx";"2026-03-13 09:08:13";"31";"MASTER";"1";"MASTER ATS";"PLANO DE NEGÓCIOS";"NULL";"MARÇO À DEZEMBRO/26";"2026-03";"2026-12";"2026-03 a 2026-12";"normalizado";"NULL";"NULL";"NULL";"NULL";"NULL";"13";"contrapartidas_itens_acao_obrigatorios";"NULL";"JANEIRO";"1";"Amac. Concentrado 1L";"58";"Amac. Concentrado 1L | Amac. Concentrado 1L | Amac. Concentrado 1L"
"4";"1";"Base JBP e acordos comerciais.xlsx";"2026-03-13 09:08:13";"31";"MASTER";"1";"MASTER ATS";"PLANO DE NEGÓCIOS";"NULL";"MARÇO À DEZEMBRO/26";"2026-03";"2026-12";"2026-03 a 2026-12";"normalizado";"NULL";"NULL";"NULL";"NULL";"NULL";"14";"contrapartidas_itens_acao_obrigatorios";"NULL";"MARÇO";"3";"Amac. Concentrado 1L";"58";"Amac. Concentrado 1L | Amac. Concentrado 1L | Amac. Concentrado 1L"
"4";"1";"Base JBP e acordos comerciais.xlsx";"2026-03-13 09:08:13";"31";"MASTER";"1";"MASTER ATS";"PLANO DE NEGÓCIOS";"NULL";"MARÇO À DEZEMBRO/26";"2026-03";"2026-12";"2026-03 a 2026-12";"normalizado";"NULL";"NULL";"NULL";"NULL";"NULL";"15";"contrapartidas_itens_acao_obrigatorios";"NULL";"MAIO";"5";"Amac. Concentrado 1L";"58";"Amac. Concentrado 1L | Amac. Concentrado 1L | Amac. Concentrado 1L"
"4";"1";"Base JBP e acordos comerciais.xlsx";"2026-03-13 09:08:13";"31";"MASTER";"1";"MASTER ATS";"PLANO DE NEGÓCIOS";"NULL";"MARÇO À DEZEMBRO/26";"2026-03";"2026-12";"2026-03 a 2026-12";"normalizado";"NULL";"NULL";"NULL";"NULL";"NULL";"16";"contrapartidas_itens_acao_obrigatorios";"NULL";"JANEIRO";"1";"Lava Roupas 3L";"59";"Lava Roupas 3L | Lava Roupas 3L | Lava Roupas 3L"
"4";"1";"Base JBP e acordos comerciais.xlsx";"2026-03-13 09:08:13";"31";"MASTER";"1";"MASTER ATS";"PLANO DE NEGÓCIOS";"NULL";"MARÇO À DEZEMBRO/26";"2026-03";"2026-12";"2026-03 a 2026-12";"normalizado";"NULL";"NULL";"NULL";"NULL";"NULL";"17";"contrapartidas_itens_acao_obrigatorios";"NULL";"MARÇO";"3";"Lava Roupas 3L";"59";"Lava Roupas 3L | Lava Roupas 3L | Lava Roupas 3L"
"4";"1";"Base JBP e acordos comerciais.xlsx";"2026-03-13 09:08:13";"31";"MASTER";"1";"MASTER ATS";"PLANO DE NEGÓCIOS";"NULL";"MARÇO À DEZEMBRO/26";"2026-03";"2026-12";"2026-03 a 2026-12";"normalizado";"NULL";"NULL";"NULL";"NULL";"NULL";"18";"contrapartidas_itens_acao_obrigatorios";"NULL";"MAIO";"5";"Lava Roupas 3L";"59";"Lava Roupas 3L | Lava Roupas 3L | Lava Roupas 3L"
"4";"1";"Base JBP e acordos comerciais.xlsx";"2026-03-13 09:08:13";"31";"MASTER";"1";"MASTER ATS";"PLANO DE NEGÓCIOS";"NULL";"MARÇO À DEZEMBRO/26";"2026-03";"2026-12";"2026-03 a 2026-12";"normalizado";"NULL";"NULL";"NULL";"NULL";"NULL";"19";"contrapartidas_itens_acao_obrigatorios";"NULL";"JULHO";"7";"Amac. Concentrado 1L";"62";"Amac. Concentrado 1L | Amac. Concentrado 1L | Amac. Concentrado 1L"
"4";"1";"Base JBP e acordos comerciais.xlsx";"2026-03-13 09:08:13";"31";"MASTER";"1";"MASTER ATS";"PLANO DE NEGÓCIOS";"NULL";"MARÇO À DEZEMBRO/26";"2026-03";"2026-12";"2026-03 a 2026-12";"normalizado";"NULL";"NULL";"NULL";"NULL";"NULL";"20";"contrapartidas_itens_acao_obrigatorios";"NULL";"SETEMBRO";"9";"Amac. Concentrado 1L";"62";"Amac. Concentrado 1L | Amac. Concentrado 1L | Amac. Concentrado 1L"
"4";"1";"Base JBP e acordos comerciais.xlsx";"2026-03-13 09:08:13";"31";"MASTER";"1";"MASTER ATS";"PLANO DE NEGÓCIOS";"NULL";"MARÇO À DEZEMBRO/26";"2026-03";"2026-12";"2026-03 a 2026-12";"normalizado";"NULL";"NULL";"NULL";"NULL";"NULL";"21";"contrapartidas_itens_acao_obrigatorios";"NULL";"NOVEMBRO";"11";"Amac. Concentrado 1L";"62";"Amac. Concentrado 1L | Amac. Concentrado 1L | Amac. Concentrado 1L"
"4";"1";"Base JBP e acordos comerciais.xlsx";"2026-03-13 09:08:13";"31";"MASTER";"1";"MASTER ATS";"PLANO DE NEGÓCIOS";"NULL";"MARÇO À DEZEMBRO/26";"2026-03";"2026-12";"2026-03 a 2026-12";"normalizado";"NULL";"NULL";"NULL";"NULL";"NULL";"22";"contrapartidas_itens_acao_obrigatorios";"NULL";"JULHO";"7";"Lava Roupas 3L";"63";"Lava Roupas 3L | Lava Roupas 3L | Lava Roupas 3L"
"4";"1";"Base JBP e acordos comerciais.xlsx";"2026-03-13 09:08:13";"31";"MASTER";"1";"MASTER ATS";"PLANO DE NEGÓCIOS";"NULL";"MARÇO À DEZEMBRO/26";"2026-03";"2026-12";"2026-03 a 2026-12";"normalizado";"NULL";"NULL";"NULL";"NULL";"NULL";"23";"contrapartidas_itens_acao_obrigatorios";"NULL";"SETEMBRO";"9";"Lava Roupas 3L";"63";"Lava Roupas 3L | Lava Roupas 3L | Lava Roupas 3L"
"4";"1";"Base JBP e acordos comerciais.xlsx";"2026-03-13 09:08:13";"31";"MASTER";"1";"MASTER ATS";"PLANO DE NEGÓCIOS";"NULL";"MARÇO À DEZEMBRO/26";"2026-03";"2026-12";"2026-03 a 2026-12";"normalizado";"NULL";"NULL";"NULL";"NULL";"NULL";"24";"contrapartidas_itens_acao_obrigatorios";"NULL";"NOVEMBRO";"11";"Lava Roupas 3L";"63";"Lava Roupas 3L | Lava Roupas 3L | Lava Roupas 3L"
"7";"1";"Base JBP e acordos comerciais.xlsx";"2026-03-13 09:08:13";"31";"IRMAOS ZAT";"1";"IRMÃOS ZAT LTDA";"PLANO DE NEGÓCIOS";"NULL";"JANEIRO À DEZEMBRO/26";"2026-01";"2026-12";"2026-01 a 2026-12";"normalizado";"NULL";"NULL";"NULL";"NULL";"NULL";"25";"encartes_obrigatorios";"NULL";"JANEIRO";"1";"Amac. Concentrado 1L";"54";"Amac. Concentrado 1L | Amac. Concentrado Promo 1,5L | Amac. Concentrado 1L"
"7";"1";"Base JBP e acordos comerciais.xlsx";"2026-03-13 09:08:13";"31";"IRMAOS ZAT";"1";"IRMÃOS ZAT LTDA";"PLANO DE NEGÓCIOS";"NULL";"JANEIRO À DEZEMBRO/26";"2026-01";"2026-12";"2026-01 a 2026-12";"normalizado";"NULL";"NULL";"NULL";"NULL";"NULL";"26";"encartes_obrigatorios";"NULL";"MARÇO";"3";"Amac. Concentrado Promo 1,5L";"54";"Amac. Concentrado 1L | Amac. Concentrado Promo 1,5L | Amac. Concentrado 1L"
"7";"1";"Base JBP e acordos comerciais.xlsx";"2026-03-13 09:08:13";"31";"IRMAOS ZAT";"1";"IRMÃOS ZAT LTDA";"PLANO DE NEGÓCIOS";"NULL";"JANEIRO À DEZEMBRO/26";"2026-01";"2026-12";"2026-01 a 2026-12";"normalizado";"NULL";"NULL";"NULL";"NULL";"NULL";"27";"encartes_obrigatorios";"NULL";"MAIO";"5";"Amac. Concentrado 1L";"54";"Amac. Concentrado 1L | Amac. Concentrado Promo 1,5L | Amac. Concentrado 1L"
"7";"1";"Base JBP e acordos comerciais.xlsx";"2026-03-13 09:08:13";"31";"IRMAOS ZAT";"1";"IRMÃOS ZAT LTDA";"PLANO DE NEGÓCIOS";"NULL";"JANEIRO À DEZEMBRO/26";"2026-01";"2026-12";"2026-01 a 2026-12";"normalizado";"NULL";"NULL";"NULL";"NULL";"NULL";"28";"encartes_obrigatorios";"NULL";"JANEIRO";"1";"Lava Roupas 3L";"55";"Lava Roupas 3L | Lava Roupas 3L | Lava Roupas 3L"
"7";"1";"Base JBP e acordos comerciais.xlsx";"2026-03-13 09:08:13";"31";"IRMAOS ZAT";"1";"IRMÃOS ZAT LTDA";"PLANO DE NEGÓCIOS";"NULL";"JANEIRO À DEZEMBRO/26";"2026-01";"2026-12";"2026-01 a 2026-12";"normalizado";"NULL";"NULL";"NULL";"NULL";"NULL";"29";"encartes_obrigatorios";"NULL";"MARÇO";"3";"Lava Roupas 3L";"55";"Lava Roupas 3L | Lava Roupas 3L | Lava Roupas 3L"
"7";"1";"Base JBP e acordos comerciais.xlsx";"2026-03-13 09:08:13";"31";"IRMAOS ZAT";"1";"IRMÃOS ZAT LTDA";"PLANO DE NEGÓCIOS";"NULL";"JANEIRO À DEZEMBRO/26";"2026-01";"2026-12";"2026-01 a 2026-12";"normalizado";"NULL";"NULL";"NULL";"NULL";"NULL";"30";"encartes_obrigatorios";"NULL";"MAIO";"5";"Lava Roupas 3L";"55";"Lava Roupas 3L | Lava Roupas 3L | Lava Roupas 3L"
"7";"1";"Base JBP e acordos comerciais.xlsx";"2026-03-13 09:08:13";"31";"IRMAOS ZAT";"1";"IRMÃOS ZAT LTDA";"PLANO DE NEGÓCIOS";"NULL";"JANEIRO À DEZEMBRO/26";"2026-01";"2026-12";"2026-01 a 2026-12";"normalizado";"NULL";"NULL";"NULL";"NULL";"NULL";"31";"encartes_obrigatorios";"NULL";"JULHO";"7";"Amac. Concentrado Promo 1,5L";"58";"Amac. Concentrado Promo 1,5L | Amac. Concentrado 1L | Amac. Concentrado Promo 1,5L"
"7";"1";"Base JBP e acordos comerciais.xlsx";"2026-03-13 09:08:13";"31";"IRMAOS ZAT";"1";"IRMÃOS ZAT LTDA";"PLANO DE NEGÓCIOS";"NULL";"JANEIRO À DEZEMBRO/26";"2026-01";"2026-12";"2026-01 a 2026-12";"normalizado";"NULL";"NULL";"NULL";"NULL";"NULL";"32";"encartes_obrigatorios";"NULL";"SETEMBRO";"9";"Amac. Concentrado 1L";"58";"Amac. Concentrado Promo 1,5L | Amac. Concentrado 1L | Amac. Concentrado Promo 1,5L"
"7";"1";"Base JBP e acordos comerciais.xlsx";"2026-03-13 09:08:13";"31";"IRMAOS ZAT";"1";"IRMÃOS ZAT LTDA";"PLANO DE NEGÓCIOS";"NULL";"JANEIRO À DEZEMBRO/26";"2026-01";"2026-12";"2026-01 a 2026-12";"normalizado";"NULL";"NULL";"NULL";"NULL";"NULL";"33";"encartes_obrigatorios";"NULL";"NOVEMBRO";"11";"Amac. Concentrado Promo 1,5L";"58";"Amac. Concentrado Promo 1,5L | Amac. Concentrado 1L | Amac. Concentrado Promo 1,5L"
"7";"1";"Base JBP e acordos comerciais.xlsx";"2026-03-13 09:08:13";"31";"IRMAOS ZAT";"1";"IRMÃOS ZAT LTDA";"PLANO DE NEGÓCIOS";"NULL";"JANEIRO À DEZEMBRO/26";"2026-01";"2026-12";"2026-01 a 2026-12";"normalizado";"NULL";"NULL";"NULL";"NULL";"NULL";"34";"encartes_obrigatorios";"NULL";"JULHO";"7";"Lava Roupas 3L";"59";"Lava Roupas 3L | Lava Roupas 3L | Lava Roupas 3L"
"7";"1";"Base JBP e acordos comerciais.xlsx";"2026-03-13 09:08:13";"31";"IRMAOS ZAT";"1";"IRMÃOS ZAT LTDA";"PLANO DE NEGÓCIOS";"NULL";"JANEIRO À DEZEMBRO/26";"2026-01";"2026-12";"2026-01 a 2026-12";"normalizado";"NULL";"NULL";"NULL";"NULL";"NULL";"35";"encartes_obrigatorios";"NULL";"SETEMBRO";"9";"Lava Roupas 3L";"59";"Lava Roupas 3L | Lava Roupas 3L | Lava Roupas 3L"
"7";"1";"Base JBP e acordos comerciais.xlsx";"2026-03-13 09:08:13";"31";"IRMAOS ZAT";"1";"IRMÃOS ZAT LTDA";"PLANO DE NEGÓCIOS";"NULL";"JANEIRO À DEZEMBRO/26";"2026-01";"2026-12";"2026-01 a 2026-12";"normalizado";"NULL";"NULL";"NULL";"NULL";"NULL";"36";"encartes_obrigatorios";"NULL";"NOVEMBRO";"11";"Lava Roupas 3L";"59";"Lava Roupas 3L | Lava Roupas 3L | Lava Roupas 3L"
"8";"1";"Base JBP e acordos comerciais.xlsx";"2026-03-13 09:08:13";"31";"GRANDESUL";"1";"GRANDESUL";"PLANO DE NEGÓCIOS";"NULL";"JANEIRO À DEZEMBRO/26";"2026-01";"2026-12";"2026-01 a 2026-12";"normalizado";"NULL";"NULL";"NULL";"NULL";"NULL";"37";"encartes_obrigatorios";"NULL";"JANEIRO";"1";"Amac. Concentrado 1L";"51";"Amac. Concentrado 1L | Amac. Concentrado 1,5L Promo | Amac. Concentrado 1L | Amac. Concentrado 1,5L Promo | Amac. Concentrado 1L | Amac. Concentrado 1,5L Promo"
"8";"1";"Base JBP e acordos comerciais.xlsx";"2026-03-13 09:08:13";"31";"GRANDESUL";"1";"GRANDESUL";"PLANO DE NEGÓCIOS";"NULL";"JANEIRO À DEZEMBRO/26";"2026-01";"2026-12";"2026-01 a 2026-12";"normalizado";"NULL";"NULL";"NULL";"NULL";"NULL";"38";"encartes_obrigatorios";"NULL";"FEVEREIRO";"2";"Amac. Concentrado 1,5L Promo";"51";"Amac. Concentrado 1L | Amac. Concentrado 1,5L Promo | Amac. Concentrado 1L | Amac. Concentrado 1,5L Promo | Amac. Concentrado 1L | Amac. Concentrado 1,5L Promo"
"8";"1";"Base JBP e acordos comerciais.xlsx";"2026-03-13 09:08:13";"31";"GRANDESUL";"1";"GRANDESUL";"PLANO DE NEGÓCIOS";"NULL";"JANEIRO À DEZEMBRO/26";"2026-01";"2026-12";"2026-01 a 2026-12";"normalizado";"NULL";"NULL";"NULL";"NULL";"NULL";"39";"encartes_obrigatorios";"NULL";"MARÇO";"3";"Amac. Concentrado 1L";"51";"Amac. Concentrado 1L | Amac. Concentrado 1,5L Promo | Amac. Concentrado 1L | Amac. Concentrado 1,5L Promo | Amac. Concentrado 1L | Amac. Concentrado 1,5L Promo"
"8";"1";"Base JBP e acordos comerciais.xlsx";"2026-03-13 09:08:13";"31";"GRANDESUL";"1";"GRANDESUL";"PLANO DE NEGÓCIOS";"NULL";"JANEIRO À DEZEMBRO/26";"2026-01";"2026-12";"2026-01 a 2026-12";"normalizado";"NULL";"NULL";"NULL";"NULL";"NULL";"40";"encartes_obrigatorios";"NULL";"ABRIL";"4";"Amac. Concentrado 1,5L Promo";"51";"Amac. Concentrado 1L | Amac. Concentrado 1,5L Promo | Amac. Concentrado 1L | Amac. Concentrado 1,5L Promo | Amac. Concentrado 1L | Amac. Concentrado 1,5L Promo"
"8";"1";"Base JBP e acordos comerciais.xlsx";"2026-03-13 09:08:13";"31";"GRANDESUL";"1";"GRANDESUL";"PLANO DE NEGÓCIOS";"NULL";"JANEIRO À DEZEMBRO/26";"2026-01";"2026-12";"2026-01 a 2026-12";"normalizado";"NULL";"NULL";"NULL";"NULL";"NULL";"41";"encartes_obrigatorios";"NULL";"MAIO";"5";"Amac. Concentrado 1L";"51";"Amac. Concentrado 1L | Amac. Concentrado 1,5L Promo | Amac. Concentrado 1L | Amac. Concentrado 1,5L Promo | Amac. Concentrado 1L | Amac. Concentrado 1,5L Promo"
"8";"1";"Base JBP e acordos comerciais.xlsx";"2026-03-13 09:08:13";"31";"GRANDESUL";"1";"GRANDESUL";"PLANO DE NEGÓCIOS";"NULL";"JANEIRO À DEZEMBRO/26";"2026-01";"2026-12";"2026-01 a 2026-12";"normalizado";"NULL";"NULL";"NULL";"NULL";"NULL";"42";"encartes_obrigatorios";"NULL";"JUNHO";"6";"Amac. Concentrado 1,5L Promo";"51";"Amac. Concentrado 1L | Amac. Concentrado 1,5L Promo | Amac. Concentrado 1L | Amac. Concentrado 1,5L Promo | Amac. Concentrado 1L | Amac. Concentrado 1,5L Promo"
"8";"1";"Base JBP e acordos comerciais.xlsx";"2026-03-13 09:08:13";"31";"GRANDESUL";"1";"GRANDESUL";"PLANO DE NEGÓCIOS";"NULL";"JANEIRO À DEZEMBRO/26";"2026-01";"2026-12";"2026-01 a 2026-12";"normalizado";"NULL";"NULL";"NULL";"NULL";"NULL";"43";"encartes_obrigatorios";"NULL";"JANEIRO";"1";"Lava Roupas 3L";"52";"Lava Roupas 3L | Lava Roupas 5L | Lava Roupas 3L | Lava Roupas 5L | Lava Roupas 3L | Lava Roupas 5L"
"8";"1";"Base JBP e acordos comerciais.xlsx";"2026-03-13 09:08:13";"31";"GRANDESUL";"1";"GRANDESUL";"PLANO DE NEGÓCIOS";"NULL";"JANEIRO À DEZEMBRO/26";"2026-01";"2026-12";"2026-01 a 2026-12";"normalizado";"NULL";"NULL";"NULL";"NULL";"NULL";"44";"encartes_obrigatorios";"NULL";"FEVEREIRO";"2";"Lava Roupas 5L";"52";"Lava Roupas 3L | Lava Roupas 5L | Lava Roupas 3L | Lava Roupas 5L | Lava Roupas 3L | Lava Roupas 5L"
"8";"1";"Base JBP e acordos comerciais.xlsx";"2026-03-13 09:08:13";"31";"GRANDESUL";"1";"GRANDESUL";"PLANO DE NEGÓCIOS";"NULL";"JANEIRO À DEZEMBRO/26";"2026-01";"2026-12";"2026-01 a 2026-12";"normalizado";"NULL";"NULL";"NULL";"NULL";"NULL";"45";"encartes_obrigatorios";"NULL";"MARÇO";"3";"Lava Roupas 3L";"52";"Lava Roupas 3L | Lava Roupas 5L | Lava Roupas 3L | Lava Roupas 5L | Lava Roupas 3L | Lava Roupas 5L"
"8";"1";"Base JBP e acordos comerciais.xlsx";"2026-03-13 09:08:13";"31";"GRANDESUL";"1";"GRANDESUL";"PLANO DE NEGÓCIOS";"NULL";"JANEIRO À DEZEMBRO/26";"2026-01";"2026-12";"2026-01 a 2026-12";"normalizado";"NULL";"NULL";"NULL";"NULL";"NULL";"46";"encartes_obrigatorios";"NULL";"ABRIL";"4";"Lava Roupas 5L";"52";"Lava Roupas 3L | Lava Roupas 5L | Lava Roupas 3L | Lava Roupas 5L | Lava Roupas 3L | Lava Roupas 5L"
"8";"1";"Base JBP e acordos comerciais.xlsx";"2026-03-13 09:08:13";"31";"GRANDESUL";"1";"GRANDESUL";"PLANO DE NEGÓCIOS";"NULL";"JANEIRO À DEZEMBRO/26";"2026-01";"2026-12";"2026-01 a 2026-12";"normalizado";"NULL";"NULL";"NULL";"NULL";"NULL";"47";"encartes_obrigatorios";"NULL";"MAIO";"5";"Lava Roupas 3L";"52";"Lava Roupas 3L | Lava Roupas 5L | Lava Roupas 3L | Lava Roupas 5L | Lava Roupas 3L | Lava Roupas 5L"
"8";"1";"Base JBP e acordos comerciais.xlsx";"2026-03-13 09:08:13";"31";"GRANDESUL";"1";"GRANDESUL";"PLANO DE NEGÓCIOS";"NULL";"JANEIRO À DEZEMBRO/26";"2026-01";"2026-12";"2026-01 a 2026-12";"normalizado";"NULL";"NULL";"NULL";"NULL";"NULL";"48";"encartes_obrigatorios";"NULL";"JUNHO";"6";"Lava Roupas 5L";"52";"Lava Roupas 3L | Lava Roupas 5L | Lava Roupas 3L | Lava Roupas 5L | Lava Roupas 3L | Lava Roupas 5L"
"8";"1";"Base JBP e acordos comerciais.xlsx";"2026-03-13 09:08:13";"31";"GRANDESUL";"1";"GRANDESUL";"PLANO DE NEGÓCIOS";"NULL";"JANEIRO À DEZEMBRO/26";"2026-01";"2026-12";"2026-01 a 2026-12";"normalizado";"NULL";"NULL";"NULL";"NULL";"NULL";"49";"encartes_obrigatorios";"NULL";"JULHO";"7";"Amac. Concentrado 1L";"55";"Amac. Concentrado 1L | Amac. Concentrado 1,5L Promo | Amac. Concentrado 1L | Amac. Concentrado 1,5L Promo | Amac. Concentrado 1L | Amac. Concentrado 1,5L Promo"
"8";"1";"Base JBP e acordos comerciais.xlsx";"2026-03-13 09:08:13";"31";"GRANDESUL";"1";"GRANDESUL";"PLANO DE NEGÓCIOS";"NULL";"JANEIRO À DEZEMBRO/26";"2026-01";"2026-12";"2026-01 a 2026-12";"normalizado";"NULL";"NULL";"NULL";"NULL";"NULL";"50";"encartes_obrigatorios";"NULL";"AGOSTO";"8";"Amac. Concentrado 1,5L Promo";"55";"Amac. Concentrado 1L | Amac. Concentrado 1,5L Promo | Amac. Concentrado 1L | Amac. Concentrado 1,5L Promo | Amac. Concentrado 1L | Amac. Concentrado 1,5L Promo"
"8";"1";"Base JBP e acordos comerciais.xlsx";"2026-03-13 09:08:13";"31";"GRANDESUL";"1";"GRANDESUL";"PLANO DE NEGÓCIOS";"NULL";"JANEIRO À DEZEMBRO/26";"2026-01";"2026-12";"2026-01 a 2026-12";"normalizado";"NULL";"NULL";"NULL";"NULL";"NULL";"51";"encartes_obrigatorios";"NULL";"SETEMBRO";"9";"Amac. Concentrado 1L";"55";"Amac. Concentrado 1L | Amac. Concentrado 1,5L Promo | Amac. Concentrado 1L | Amac. Concentrado 1,5L Promo | Amac. Concentrado 1L | Amac. Concentrado 1,5L Promo"
"8";"1";"Base JBP e acordos comerciais.xlsx";"2026-03-13 09:08:13";"31";"GRANDESUL";"1";"GRANDESUL";"PLANO DE NEGÓCIOS";"NULL";"JANEIRO À DEZEMBRO/26";"2026-01";"2026-12";"2026-01 a 2026-12";"normalizado";"NULL";"NULL";"NULL";"NULL";"NULL";"52";"encartes_obrigatorios";"NULL";"OUTUBRO";"10";"Amac. Concentrado 1,5L Promo";"55";"Amac. Concentrado 1L | Amac. Concentrado 1,5L Promo | Amac. Concentrado 1L | Amac. Concentrado 1,5L Promo | Amac. Concentrado 1L | Amac. Concentrado 1,5L Promo"
"8";"1";"Base JBP e acordos comerciais.xlsx";"2026-03-13 09:08:13";"31";"GRANDESUL";"1";"GRANDESUL";"PLANO DE NEGÓCIOS";"NULL";"JANEIRO À DEZEMBRO/26";"2026-01";"2026-12";"2026-01 a 2026-12";"normalizado";"NULL";"NULL";"NULL";"NULL";"NULL";"53";"encartes_obrigatorios";"NULL";"NOVEMBRO";"11";"Amac. Concentrado 1L";"55";"Amac. Concentrado 1L | Amac. Concentrado 1,5L Promo | Amac. Concentrado 1L | Amac. Concentrado 1,5L Promo | Amac. Concentrado 1L | Amac. Concentrado 1,5L Promo"
"8";"1";"Base JBP e acordos comerciais.xlsx";"2026-03-13 09:08:13";"31";"GRANDESUL";"1";"GRANDESUL";"PLANO DE NEGÓCIOS";"NULL";"JANEIRO À DEZEMBRO/26";"2026-01";"2026-12";"2026-01 a 2026-12";"normalizado";"NULL";"NULL";"NULL";"NULL";"NULL";"54";"encartes_obrigatorios";"NULL";"DEZEMBRO";"12";"Amac. Concentrado 1,5L Promo";"55";"Amac. Concentrado 1L | Amac. Concentrado 1,5L Promo | Amac. Concentrado 1L | Amac. Concentrado 1,5L Promo | Amac. Concentrado 1L | Amac. Concentrado 1,5L Promo"
"8";"1";"Base JBP e acordos comerciais.xlsx";"2026-03-13 09:08:13";"31";"GRANDESUL";"1";"GRANDESUL";"PLANO DE NEGÓCIOS";"NULL";"JANEIRO À DEZEMBRO/26";"2026-01";"2026-12";"2026-01 a 2026-12";"normalizado";"NULL";"NULL";"NULL";"NULL";"NULL";"55";"encartes_obrigatorios";"NULL";"JULHO";"7";"Lava Roupas 3L";"56";"Lava Roupas 3L | Lava Roupas 5L | Lava Roupas 3L | Lava Roupas 5L | Lava Roupas 3L | Lava Roupas 5L"
"8";"1";"Base JBP e acordos comerciais.xlsx";"2026-03-13 09:08:13";"31";"GRANDESUL";"1";"GRANDESUL";"PLANO DE NEGÓCIOS";"NULL";"JANEIRO À DEZEMBRO/26";"2026-01";"2026-12";"2026-01 a 2026-12";"normalizado";"NULL";"NULL";"NULL";"NULL";"NULL";"56";"encartes_obrigatorios";"NULL";"AGOSTO";"8";"Lava Roupas 5L";"56";"Lava Roupas 3L | Lava Roupas 5L | Lava Roupas 3L | Lava Roupas 5L | Lava Roupas 3L | Lava Roupas 5L"
"8";"1";"Base JBP e acordos comerciais.xlsx";"2026-03-13 09:08:13";"31";"GRANDESUL";"1";"GRANDESUL";"PLANO DE NEGÓCIOS";"NULL";"JANEIRO À DEZEMBRO/26";"2026-01";"2026-12";"2026-01 a 2026-12";"normalizado";"NULL";"NULL";"NULL";"NULL";"NULL";"57";"encartes_obrigatorios";"NULL";"SETEMBRO";"9";"Lava Roupas 3L";"56";"Lava Roupas 3L | Lava Roupas 5L | Lava Roupas 3L | Lava Roupas 5L | Lava Roupas 3L | Lava Roupas 5L"
"8";"1";"Base JBP e acordos comerciais.xlsx";"2026-03-13 09:08:13";"31";"GRANDESUL";"1";"GRANDESUL";"PLANO DE NEGÓCIOS";"NULL";"JANEIRO À DEZEMBRO/26";"2026-01";"2026-12";"2026-01 a 2026-12";"normalizado";"NULL";"NULL";"NULL";"NULL";"NULL";"58";"encartes_obrigatorios";"NULL";"OUTUBRO";"10";"Lava Roupas 5L";"56";"Lava Roupas 3L | Lava Roupas 5L | Lava Roupas 3L | Lava Roupas 5L | Lava Roupas 3L | Lava Roupas 5L"
"8";"1";"Base JBP e acordos comerciais.xlsx";"2026-03-13 09:08:13";"31";"GRANDESUL";"1";"GRANDESUL";"PLANO DE NEGÓCIOS";"NULL";"JANEIRO À DEZEMBRO/26";"2026-01";"2026-12";"2026-01 a 2026-12";"normalizado";"NULL";"NULL";"NULL";"NULL";"NULL";"59";"encartes_obrigatorios";"NULL";"NOVEMBRO";"11";"Lava Roupas 3L";"56";"Lava Roupas 3L | Lava Roupas 5L | Lava Roupas 3L | Lava Roupas 5L | Lava Roupas 3L | Lava Roupas 5L"
"8";"1";"Base JBP e acordos comerciais.xlsx";"2026-03-13 09:08:13";"31";"GRANDESUL";"1";"GRANDESUL";"PLANO DE NEGÓCIOS";"NULL";"JANEIRO À DEZEMBRO/26";"2026-01";"2026-12";"2026-01 a 2026-12";"normalizado";"NULL";"NULL";"NULL";"NULL";"NULL";"60";"encartes_obrigatorios";"NULL";"DEZEMBRO";"12";"Lava Roupas 5L";"56";"Lava Roupas 3L | Lava Roupas 5L | Lava Roupas 3L | Lava Roupas 5L | Lava Roupas 3L | Lava Roupas 5L"
"9";"1";"Base JBP e acordos comerciais.xlsx";"2026-03-13 09:08:13";"31";"TISCHLER";"1";"TISCHLER";"PLANO DE NEGÓCIOS";"NULL";"JANEIRO À DEZEMBRO/26";"2026-01";"2026-12";"2026-01 a 2026-12";"normalizado";"NULL";"NULL";"NULL";"NULL";"NULL";"61";"encartes_sugestao";"NULL";"JANEIRO";"1";"Amac. Concentrado 1L";"74";"Amac. Concentrado 1L | Amac. Concentrado Promo 1,5L | Amac. Concentrado 1L"
"9";"1";"Base JBP e acordos comerciais.xlsx";"2026-03-13 09:08:13";"31";"TISCHLER";"1";"TISCHLER";"PLANO DE NEGÓCIOS";"NULL";"JANEIRO À DEZEMBRO/26";"2026-01";"2026-12";"2026-01 a 2026-12";"normalizado";"NULL";"NULL";"NULL";"NULL";"NULL";"62";"encartes_sugestao";"NULL";"MARÇO";"3";"Amac. Concentrado Promo 1,5L";"74";"Amac. Concentrado 1L | Amac. Concentrado Promo 1,5L | Amac. Concentrado 1L"
"9";"1";"Base JBP e acordos comerciais.xlsx";"2026-03-13 09:08:13";"31";"TISCHLER";"1";"TISCHLER";"PLANO DE NEGÓCIOS";"NULL";"JANEIRO À DEZEMBRO/26";"2026-01";"2026-12";"2026-01 a 2026-12";"normalizado";"NULL";"NULL";"NULL";"NULL";"NULL";"63";"encartes_sugestao";"NULL";"MAIO";"5";"Amac. Concentrado 1L";"74";"Amac. Concentrado 1L | Amac. Concentrado Promo 1,5L | Amac. Concentrado 1L"
"9";"1";"Base JBP e acordos comerciais.xlsx";"2026-03-13 09:08:13";"31";"TISCHLER";"1";"TISCHLER";"PLANO DE NEGÓCIOS";"NULL";"JANEIRO À DEZEMBRO/26";"2026-01";"2026-12";"2026-01 a 2026-12";"normalizado";"NULL";"NULL";"NULL";"NULL";"NULL";"64";"encartes_sugestao";"NULL";"JANEIRO";"1";"Lava Roupas 3L";"75";"Lava Roupas 3L | Lava Roupas 3L | Lava Roupas 3L"
"9";"1";"Base JBP e acordos comerciais.xlsx";"2026-03-13 09:08:13";"31";"TISCHLER";"1";"TISCHLER";"PLANO DE NEGÓCIOS";"NULL";"JANEIRO À DEZEMBRO/26";"2026-01";"2026-12";"2026-01 a 2026-12";"normalizado";"NULL";"NULL";"NULL";"NULL";"NULL";"65";"encartes_sugestao";"NULL";"MARÇO";"3";"Lava Roupas 3L";"75";"Lava Roupas 3L | Lava Roupas 3L | Lava Roupas 3L"
"9";"1";"Base JBP e acordos comerciais.xlsx";"2026-03-13 09:08:13";"31";"TISCHLER";"1";"TISCHLER";"PLANO DE NEGÓCIOS";"NULL";"JANEIRO À DEZEMBRO/26";"2026-01";"2026-12";"2026-01 a 2026-12";"normalizado";"NULL";"NULL";"NULL";"NULL";"NULL";"66";"encartes_sugestao";"NULL";"MAIO";"5";"Lava Roupas 3L";"75";"Lava Roupas 3L | Lava Roupas 3L | Lava Roupas 3L"
"9";"1";"Base JBP e acordos comerciais.xlsx";"2026-03-13 09:08:13";"31";"TISCHLER";"1";"TISCHLER";"PLANO DE NEGÓCIOS";"NULL";"JANEIRO À DEZEMBRO/26";"2026-01";"2026-12";"2026-01 a 2026-12";"normalizado";"NULL";"NULL";"NULL";"NULL";"NULL";"67";"encartes_sugestao";"NULL";"JULHO";"7";"Amac. Concentrado Promo 1,5L";"78";"Amac. Concentrado Promo 1,5L | Amac. Concentrado 1L | Amac. Concentrado Promo 1,5L"
"9";"1";"Base JBP e acordos comerciais.xlsx";"2026-03-13 09:08:13";"31";"TISCHLER";"1";"TISCHLER";"PLANO DE NEGÓCIOS";"NULL";"JANEIRO À DEZEMBRO/26";"2026-01";"2026-12";"2026-01 a 2026-12";"normalizado";"NULL";"NULL";"NULL";"NULL";"NULL";"68";"encartes_sugestao";"NULL";"SETEMBRO";"9";"Amac. Concentrado 1L";"78";"Amac. Concentrado Promo 1,5L | Amac. Concentrado 1L | Amac. Concentrado Promo 1,5L"
"9";"1";"Base JBP e acordos comerciais.xlsx";"2026-03-13 09:08:13";"31";"TISCHLER";"1";"TISCHLER";"PLANO DE NEGÓCIOS";"NULL";"JANEIRO À DEZEMBRO/26";"2026-01";"2026-12";"2026-01 a 2026-12";"normalizado";"NULL";"NULL";"NULL";"NULL";"NULL";"69";"encartes_sugestao";"NULL";"NOVEMBRO";"11";"Amac. Concentrado Promo 1,5L";"78";"Amac. Concentrado Promo 1,5L | Amac. Concentrado 1L | Amac. Concentrado Promo 1,5L"
"9";"1";"Base JBP e acordos comerciais.xlsx";"2026-03-13 09:08:13";"31";"TISCHLER";"1";"TISCHLER";"PLANO DE NEGÓCIOS";"NULL";"JANEIRO À DEZEMBRO/26";"2026-01";"2026-12";"2026-01 a 2026-12";"normalizado";"NULL";"NULL";"NULL";"NULL";"NULL";"70";"encartes_sugestao";"NULL";"JULHO";"7";"Lava Roupas 3L";"79";"Lava Roupas 3L | Lava Roupas 3L | Lava Roupas 3L"
"9";"1";"Base JBP e acordos comerciais.xlsx";"2026-03-13 09:08:13";"31";"TISCHLER";"1";"TISCHLER";"PLANO DE NEGÓCIOS";"NULL";"JANEIRO À DEZEMBRO/26";"2026-01";"2026-12";"2026-01 a 2026-12";"normalizado";"NULL";"NULL";"NULL";"NULL";"NULL";"71";"encartes_sugestao";"NULL";"SETEMBRO";"9";"Lava Roupas 3L";"79";"Lava Roupas 3L | Lava Roupas 3L | Lava Roupas 3L"
"9";"1";"Base JBP e acordos comerciais.xlsx";"2026-03-13 09:08:13";"31";"TISCHLER";"1";"TISCHLER";"PLANO DE NEGÓCIOS";"NULL";"JANEIRO À DEZEMBRO/26";"2026-01";"2026-12";"2026-01 a 2026-12";"normalizado";"NULL";"NULL";"NULL";"NULL";"NULL";"72";"encartes_sugestao";"NULL";"NOVEMBRO";"11";"Lava Roupas 3L";"79";"Lava Roupas 3L | Lava Roupas 3L | Lava Roupas 3L"
"14";"1";"Base JBP e acordos comerciais.xlsx";"2026-03-13 09:08:13";"31";"CENTERMASTERSUL";"1";"CENTERMASTERSUL";"PLANO DE NEGÓCIOS";"NULL";"JANEIRO À DEZEMBRO/26";"2026-01";"2026-12";"2026-01 a 2026-12";"normalizado";"NULL";"NULL";"NULL";"NULL";"NULL";"73";"encartes_obrigatorios";"NULL";"JANEIRO";"1";"Amac. Concentrado 1L";"61";"Amac. Concentrado 1L | Amac. Concentrado 1L | Amac. Concentrado 1L"
"14";"1";"Base JBP e acordos comerciais.xlsx";"2026-03-13 09:08:13";"31";"CENTERMASTERSUL";"1";"CENTERMASTERSUL";"PLANO DE NEGÓCIOS";"NULL";"JANEIRO À DEZEMBRO/26";"2026-01";"2026-12";"2026-01 a 2026-12";"normalizado";"NULL";"NULL";"NULL";"NULL";"NULL";"74";"encartes_obrigatorios";"NULL";"MARÇO";"3";"Amac. Concentrado 1L";"61";"Amac. Concentrado 1L | Amac. Concentrado 1L | Amac. Concentrado 1L"
"14";"1";"Base JBP e acordos comerciais.xlsx";"2026-03-13 09:08:13";"31";"CENTERMASTERSUL";"1";"CENTERMASTERSUL";"PLANO DE NEGÓCIOS";"NULL";"JANEIRO À DEZEMBRO/26";"2026-01";"2026-12";"2026-01 a 2026-12";"normalizado";"NULL";"NULL";"NULL";"NULL";"NULL";"75";"encartes_obrigatorios";"NULL";"MAIO";"5";"Amac. Concentrado 1L";"61";"Amac. Concentrado 1L | Amac. Concentrado 1L | Amac. Concentrado 1L"
"14";"1";"Base JBP e acordos comerciais.xlsx";"2026-03-13 09:08:13";"31";"CENTERMASTERSUL";"1";"CENTERMASTERSUL";"PLANO DE NEGÓCIOS";"NULL";"JANEIRO À DEZEMBRO/26";"2026-01";"2026-12";"2026-01 a 2026-12";"normalizado";"NULL";"NULL";"NULL";"NULL";"NULL";"76";"encartes_obrigatorios";"NULL";"JANEIRO";"1";"Lava Roupas 3L";"62";"Lava Roupas 3L | Lava Roupas 3L | Lava Roupas 3L"
"14";"1";"Base JBP e acordos comerciais.xlsx";"2026-03-13 09:08:13";"31";"CENTERMASTERSUL";"1";"CENTERMASTERSUL";"PLANO DE NEGÓCIOS";"NULL";"JANEIRO À DEZEMBRO/26";"2026-01";"2026-12";"2026-01 a 2026-12";"normalizado";"NULL";"NULL";"NULL";"NULL";"NULL";"77";"encartes_obrigatorios";"NULL";"MARÇO";"3";"Lava Roupas 3L";"62";"Lava Roupas 3L | Lava Roupas 3L | Lava Roupas 3L"
"14";"1";"Base JBP e acordos comerciais.xlsx";"2026-03-13 09:08:13";"31";"CENTERMASTERSUL";"1";"CENTERMASTERSUL";"PLANO DE NEGÓCIOS";"NULL";"JANEIRO À DEZEMBRO/26";"2026-01";"2026-12";"2026-01 a 2026-12";"normalizado";"NULL";"NULL";"NULL";"NULL";"NULL";"78";"encartes_obrigatorios";"NULL";"MAIO";"5";"Lava Roupas 3L";"62";"Lava Roupas 3L | Lava Roupas 3L | Lava Roupas 3L"
"14";"1";"Base JBP e acordos comerciais.xlsx";"2026-03-13 09:08:13";"31";"CENTERMASTERSUL";"1";"CENTERMASTERSUL";"PLANO DE NEGÓCIOS";"NULL";"JANEIRO À DEZEMBRO/26";"2026-01";"2026-12";"2026-01 a 2026-12";"normalizado";"NULL";"NULL";"NULL";"NULL";"NULL";"79";"encartes_obrigatorios";"NULL";"JULHO";"7";"Amac. Concentrado 1L";"65";"Amac. Concentrado 1L | Amac. Concentrado 1L | Amac. Concentrado 1L"
"14";"1";"Base JBP e acordos comerciais.xlsx";"2026-03-13 09:08:13";"31";"CENTERMASTERSUL";"1";"CENTERMASTERSUL";"PLANO DE NEGÓCIOS";"NULL";"JANEIRO À DEZEMBRO/26";"2026-01";"2026-12";"2026-01 a 2026-12";"normalizado";"NULL";"NULL";"NULL";"NULL";"NULL";"80";"encartes_obrigatorios";"NULL";"SETEMBRO";"9";"Amac. Concentrado 1L";"65";"Amac. Concentrado 1L | Amac. Concentrado 1L | Amac. Concentrado 1L"
"14";"1";"Base JBP e acordos comerciais.xlsx";"2026-03-13 09:08:13";"31";"CENTERMASTERSUL";"1";"CENTERMASTERSUL";"PLANO DE NEGÓCIOS";"NULL";"JANEIRO À DEZEMBRO/26";"2026-01";"2026-12";"2026-01 a 2026-12";"normalizado";"NULL";"NULL";"NULL";"NULL";"NULL";"81";"encartes_obrigatorios";"NULL";"NOVEMBRO";"11";"Amac. Concentrado 1L";"65";"Amac. Concentrado 1L | Amac. Concentrado 1L | Amac. Concentrado 1L"
"14";"1";"Base JBP e acordos comerciais.xlsx";"2026-03-13 09:08:13";"31";"CENTERMASTERSUL";"1";"CENTERMASTERSUL";"PLANO DE NEGÓCIOS";"NULL";"JANEIRO À DEZEMBRO/26";"2026-01";"2026-12";"2026-01 a 2026-12";"normalizado";"NULL";"NULL";"NULL";"NULL";"NULL";"82";"encartes_obrigatorios";"NULL";"JULHO";"7";"Lava Roupas 3L";"66";"Lava Roupas 3L | Lava Roupas 3L | Lava Roupas 3L"
"14";"1";"Base JBP e acordos comerciais.xlsx";"2026-03-13 09:08:13";"31";"CENTERMASTERSUL";"1";"CENTERMASTERSUL";"PLANO DE NEGÓCIOS";"NULL";"JANEIRO À DEZEMBRO/26";"2026-01";"2026-12";"2026-01 a 2026-12";"normalizado";"NULL";"NULL";"NULL";"NULL";"NULL";"83";"encartes_obrigatorios";"NULL";"SETEMBRO";"9";"Lava Roupas 3L";"66";"Lava Roupas 3L | Lava Roupas 3L | Lava Roupas 3L"
"14";"1";"Base JBP e acordos comerciais.xlsx";"2026-03-13 09:08:13";"31";"CENTERMASTERSUL";"1";"CENTERMASTERSUL";"PLANO DE NEGÓCIOS";"NULL";"JANEIRO À DEZEMBRO/26";"2026-01";"2026-12";"2026-01 a 2026-12";"normalizado";"NULL";"NULL";"NULL";"NULL";"NULL";"84";"encartes_obrigatorios";"NULL";"NOVEMBRO";"11";"Lava Roupas 3L";"66";"Lava Roupas 3L | Lava Roupas 3L | Lava Roupas 3L"
"17";"1";"Base JBP e acordos comerciais.xlsx";"2026-03-13 09:08:13";"31";"GUANABARA";"1";"GUANABARA";"PLANO DE NEGÓCIOS";"NULL";"JANEIRO À DEZEMBRO/26";"2026-01";"2026-12";"2026-01 a 2026-12";"normalizado";"NULL";"NULL";"NULL";"NULL";"NULL";"85";"encartes_sugestao";"NULL";"JANEIRO";"1";"Amac. Concentrado 1L";"74";"Amac. Concentrado 1L | Amac. Concentrado 1,5L Promo | Amac. Concentrado 1L"
"17";"1";"Base JBP e acordos comerciais.xlsx";"2026-03-13 09:08:13";"31";"GUANABARA";"1";"GUANABARA";"PLANO DE NEGÓCIOS";"NULL";"JANEIRO À DEZEMBRO/26";"2026-01";"2026-12";"2026-01 a 2026-12";"normalizado";"NULL";"NULL";"NULL";"NULL";"NULL";"86";"encartes_sugestao";"NULL";"MARÇO";"3";"Amac. Concentrado 1,5L Promo";"74";"Amac. Concentrado 1L | Amac. Concentrado 1,5L Promo | Amac. Concentrado 1L"
"17";"1";"Base JBP e acordos comerciais.xlsx";"2026-03-13 09:08:13";"31";"GUANABARA";"1";"GUANABARA";"PLANO DE NEGÓCIOS";"NULL";"JANEIRO À DEZEMBRO/26";"2026-01";"2026-12";"2026-01 a 2026-12";"normalizado";"NULL";"NULL";"NULL";"NULL";"NULL";"87";"encartes_sugestao";"NULL";"MAIO";"5";"Amac. Concentrado 1L";"74";"Amac. Concentrado 1L | Amac. Concentrado 1,5L Promo | Amac. Concentrado 1L"
"17";"1";"Base JBP e acordos comerciais.xlsx";"2026-03-13 09:08:13";"31";"GUANABARA";"1";"GUANABARA";"PLANO DE NEGÓCIOS";"NULL";"JANEIRO À DEZEMBRO/26";"2026-01";"2026-12";"2026-01 a 2026-12";"normalizado";"NULL";"NULL";"NULL";"NULL";"NULL";"88";"encartes_sugestao";"NULL";"JANEIRO";"1";"Lava Roupas 3L";"75";"Lava Roupas 3L | Lava Roupas 3L | Lava Roupas 3L"
"17";"1";"Base JBP e acordos comerciais.xlsx";"2026-03-13 09:08:13";"31";"GUANABARA";"1";"GUANABARA";"PLANO DE NEGÓCIOS";"NULL";"JANEIRO À DEZEMBRO/26";"2026-01";"2026-12";"2026-01 a 2026-12";"normalizado";"NULL";"NULL";"NULL";"NULL";"NULL";"89";"encartes_sugestao";"NULL";"MARÇO";"3";"Lava Roupas 3L";"75";"Lava Roupas 3L | Lava Roupas 3L | Lava Roupas 3L"
"17";"1";"Base JBP e acordos comerciais.xlsx";"2026-03-13 09:08:13";"31";"GUANABARA";"1";"GUANABARA";"PLANO DE NEGÓCIOS";"NULL";"JANEIRO À DEZEMBRO/26";"2026-01";"2026-12";"2026-01 a 2026-12";"normalizado";"NULL";"NULL";"NULL";"NULL";"NULL";"90";"encartes_sugestao";"NULL";"MAIO";"5";"Lava Roupas 3L";"75";"Lava Roupas 3L | Lava Roupas 3L | Lava Roupas 3L"
"17";"1";"Base JBP e acordos comerciais.xlsx";"2026-03-13 09:08:13";"31";"GUANABARA";"1";"GUANABARA";"PLANO DE NEGÓCIOS";"NULL";"JANEIRO À DEZEMBRO/26";"2026-01";"2026-12";"2026-01 a 2026-12";"normalizado";"NULL";"NULL";"NULL";"NULL";"NULL";"91";"encartes_sugestao";"NULL";"JULHO";"7";"Amac. Concentrado 1,5L Promo";"78";"Amac. Concentrado 1,5L Promo | Amac. Concentrado 1L | Amac. Concentrado 1,5L Promo"
"17";"1";"Base JBP e acordos comerciais.xlsx";"2026-03-13 09:08:13";"31";"GUANABARA";"1";"GUANABARA";"PLANO DE NEGÓCIOS";"NULL";"JANEIRO À DEZEMBRO/26";"2026-01";"2026-12";"2026-01 a 2026-12";"normalizado";"NULL";"NULL";"NULL";"NULL";"NULL";"92";"encartes_sugestao";"NULL";"SETEMBRO";"9";"Amac. Concentrado 1L";"78";"Amac. Concentrado 1,5L Promo | Amac. Concentrado 1L | Amac. Concentrado 1,5L Promo"
"17";"1";"Base JBP e acordos comerciais.xlsx";"2026-03-13 09:08:13";"31";"GUANABARA";"1";"GUANABARA";"PLANO DE NEGÓCIOS";"NULL";"JANEIRO À DEZEMBRO/26";"2026-01";"2026-12";"2026-01 a 2026-12";"normalizado";"NULL";"NULL";"NULL";"NULL";"NULL";"93";"encartes_sugestao";"NULL";"NOVEMBRO";"11";"Amac. Concentrado 1,5L Promo";"78";"Amac. Concentrado 1,5L Promo | Amac. Concentrado 1L | Amac. Concentrado 1,5L Promo"
"17";"1";"Base JBP e acordos comerciais.xlsx";"2026-03-13 09:08:13";"31";"GUANABARA";"1";"GUANABARA";"PLANO DE NEGÓCIOS";"NULL";"JANEIRO À DEZEMBRO/26";"2026-01";"2026-12";"2026-01 a 2026-12";"normalizado";"NULL";"NULL";"NULL";"NULL";"NULL";"94";"encartes_sugestao";"NULL";"JULHO";"7";"Lava Roupas 3L";"79";"Lava Roupas 3L | Lava Roupas 3L | Lava Roupas 3L"
"17";"1";"Base JBP e acordos comerciais.xlsx";"2026-03-13 09:08:13";"31";"GUANABARA";"1";"GUANABARA";"PLANO DE NEGÓCIOS";"NULL";"JANEIRO À DEZEMBRO/26";"2026-01";"2026-12";"2026-01 a 2026-12";"normalizado";"NULL";"NULL";"NULL";"NULL";"NULL";"95";"encartes_sugestao";"NULL";"SETEMBRO";"9";"Lava Roupas 3L";"79";"Lava Roupas 3L | Lava Roupas 3L | Lava Roupas 3L"
"17";"1";"Base JBP e acordos comerciais.xlsx";"2026-03-13 09:08:13";"31";"GUANABARA";"1";"GUANABARA";"PLANO DE NEGÓCIOS";"NULL";"JANEIRO À DEZEMBRO/26";"2026-01";"2026-12";"2026-01 a 2026-12";"normalizado";"NULL";"NULL";"NULL";"NULL";"NULL";"96";"encartes_sugestao";"NULL";"NOVEMBRO";"11";"Lava Roupas 3L";"79";"Lava Roupas 3L | Lava Roupas 3L | Lava Roupas 3L"
"18";"1";"Base JBP e acordos comerciais.xlsx";"2026-03-13 09:08:13";"31";"TRINDADE";"1";"TRINDADE E SEHN LTDA";"PLANO DE NEGÓCIOS";"NULL";"JANEIRO À DEZEMBRO/26";"2026-01";"2026-12";"2026-01 a 2026-12";"normalizado";"NULL";"NULL";"NULL";"NULL";"NULL";"97";"encartes_obrigatorios";"NULL";"JANEIRO";"1";"Amac. Concentrado 1L";"73";"Amac. Concentrado 1L | Amac. Concentrado Promo 1,5L | Amac. Concentrado 1L"
"18";"1";"Base JBP e acordos comerciais.xlsx";"2026-03-13 09:08:13";"31";"TRINDADE";"1";"TRINDADE E SEHN LTDA";"PLANO DE NEGÓCIOS";"NULL";"JANEIRO À DEZEMBRO/26";"2026-01";"2026-12";"2026-01 a 2026-12";"normalizado";"NULL";"NULL";"NULL";"NULL";"NULL";"98";"encartes_obrigatorios";"NULL";"MARÇO";"3";"Amac. Concentrado Promo 1,5L";"73";"Amac. Concentrado 1L | Amac. Concentrado Promo 1,5L | Amac. Concentrado 1L"
"18";"1";"Base JBP e acordos comerciais.xlsx";"2026-03-13 09:08:13";"31";"TRINDADE";"1";"TRINDADE E SEHN LTDA";"PLANO DE NEGÓCIOS";"NULL";"JANEIRO À DEZEMBRO/26";"2026-01";"2026-12";"2026-01 a 2026-12";"normalizado";"NULL";"NULL";"NULL";"NULL";"NULL";"99";"encartes_obrigatorios";"NULL";"MAIO";"5";"Amac. Concentrado 1L";"73";"Amac. Concentrado 1L | Amac. Concentrado Promo 1,5L | Amac. Concentrado 1L"
"18";"1";"Base JBP e acordos comerciais.xlsx";"2026-03-13 09:08:13";"31";"TRINDADE";"1";"TRINDADE E SEHN LTDA";"PLANO DE NEGÓCIOS";"NULL";"JANEIRO À DEZEMBRO/26";"2026-01";"2026-12";"2026-01 a 2026-12";"normalizado";"NULL";"NULL";"NULL";"NULL";"NULL";"100";"encartes_obrigatorios";"NULL";"JANEIRO";"1";"Lava Roupas 3L";"74";"Lava Roupas 3L | Lava Roupas 3L | Lava Roupas 3L"
"18";"1";"Base JBP e acordos comerciais.xlsx";"2026-03-13 09:08:13";"31";"TRINDADE";"1";"TRINDADE E SEHN LTDA";"PLANO DE NEGÓCIOS";"NULL";"JANEIRO À DEZEMBRO/26";"2026-01";"2026-12";"2026-01 a 2026-12";"normalizado";"NULL";"NULL";"NULL";"NULL";"NULL";"101";"encartes_obrigatorios";"NULL";"MARÇO";"3";"Lava Roupas 3L";"74";"Lava Roupas 3L | Lava Roupas 3L | Lava Roupas 3L"
"18";"1";"Base JBP e acordos comerciais.xlsx";"2026-03-13 09:08:13";"31";"TRINDADE";"1";"TRINDADE E SEHN LTDA";"PLANO DE NEGÓCIOS";"NULL";"JANEIRO À DEZEMBRO/26";"2026-01";"2026-12";"2026-01 a 2026-12";"normalizado";"NULL";"NULL";"NULL";"NULL";"NULL";"102";"encartes_obrigatorios";"NULL";"MAIO";"5";"Lava Roupas 3L";"74";"Lava Roupas 3L | Lava Roupas 3L | Lava Roupas 3L"
"18";"1";"Base JBP e acordos comerciais.xlsx";"2026-03-13 09:08:13";"31";"TRINDADE";"1";"TRINDADE E SEHN LTDA";"PLANO DE NEGÓCIOS";"NULL";"JANEIRO À DEZEMBRO/26";"2026-01";"2026-12";"2026-01 a 2026-12";"normalizado";"NULL";"NULL";"NULL";"NULL";"NULL";"103";"encartes_obrigatorios";"NULL";"JULHO";"7";"Amac. Concentrado Promo 1,5L";"77";"Amac. Concentrado Promo 1,5L | Amac. Concentrado 1L | Amac. Concentrado Promo 1,5L"
"18";"1";"Base JBP e acordos comerciais.xlsx";"2026-03-13 09:08:13";"31";"TRINDADE";"1";"TRINDADE E SEHN LTDA";"PLANO DE NEGÓCIOS";"NULL";"JANEIRO À DEZEMBRO/26";"2026-01";"2026-12";"2026-01 a 2026-12";"normalizado";"NULL";"NULL";"NULL";"NULL";"NULL";"104";"encartes_obrigatorios";"NULL";"SETEMBRO";"9";"Amac. Concentrado 1L";"77";"Amac. Concentrado Promo 1,5L | Amac. Concentrado 1L | Amac. Concentrado Promo 1,5L"
"18";"1";"Base JBP e acordos comerciais.xlsx";"2026-03-13 09:08:13";"31";"TRINDADE";"1";"TRINDADE E SEHN LTDA";"PLANO DE NEGÓCIOS";"NULL";"JANEIRO À DEZEMBRO/26";"2026-01";"2026-12";"2026-01 a 2026-12";"normalizado";"NULL";"NULL";"NULL";"NULL";"NULL";"105";"encartes_obrigatorios";"NULL";"NOVEMBRO";"11";"Amac. Concentrado Promo 1,5L";"77";"Amac. Concentrado Promo 1,5L | Amac. Concentrado 1L | Amac. Concentrado Promo 1,5L"
"18";"1";"Base JBP e acordos comerciais.xlsx";"2026-03-13 09:08:13";"31";"TRINDADE";"1";"TRINDADE E SEHN LTDA";"PLANO DE NEGÓCIOS";"NULL";"JANEIRO À DEZEMBRO/26";"2026-01";"2026-12";"2026-01 a 2026-12";"normalizado";"NULL";"NULL";"NULL";"NULL";"NULL";"106";"encartes_obrigatorios";"NULL";"JULHO";"7";"Lava Roupas 3L";"78";"Lava Roupas 3L | Lava Roupas 3L | Lava Roupas 3L"
"18";"1";"Base JBP e acordos comerciais.xlsx";"2026-03-13 09:08:13";"31";"TRINDADE";"1";"TRINDADE E SEHN LTDA";"PLANO DE NEGÓCIOS";"NULL";"JANEIRO À DEZEMBRO/26";"2026-01";"2026-12";"2026-01 a 2026-12";"normalizado";"NULL";"NULL";"NULL";"NULL";"NULL";"107";"encartes_obrigatorios";"NULL";"SETEMBRO";"9";"Lava Roupas 3L";"78";"Lava Roupas 3L | Lava Roupas 3L | Lava Roupas 3L"
"18";"1";"Base JBP e acordos comerciais.xlsx";"2026-03-13 09:08:13";"31";"TRINDADE";"1";"TRINDADE E SEHN LTDA";"PLANO DE NEGÓCIOS";"NULL";"JANEIRO À DEZEMBRO/26";"2026-01";"2026-12";"2026-01 a 2026-12";"normalizado";"NULL";"NULL";"NULL";"NULL";"NULL";"108";"encartes_obrigatorios";"NULL";"NOVEMBRO";"11";"Lava Roupas 3L";"78";"Lava Roupas 3L | Lava Roupas 3L | Lava Roupas 3L"
"21";"1";"Base JBP e acordos comerciais.xlsx";"2026-03-13 09:08:13";"31";"ROXO";"1";"ROXO";"PLANO DE NEGÓCIOS";"NULL";"JANEIRO À DEZEMBRO/26";"2026-01";"2026-12";"2026-01 a 2026-12";"normalizado";"NULL";"NULL";"NULL";"NULL";"NULL";"109";"encartes_obrigatorios";"NULL";"JANEIRO";"1";"Amac. Concentrado 1L";"68";"Amac. Concentrado 1L | Amac. Concentrado 1L | Amac. Concentrado 1L"
"21";"1";"Base JBP e acordos comerciais.xlsx";"2026-03-13 09:08:13";"31";"ROXO";"1";"ROXO";"PLANO DE NEGÓCIOS";"NULL";"JANEIRO À DEZEMBRO/26";"2026-01";"2026-12";"2026-01 a 2026-12";"normalizado";"NULL";"NULL";"NULL";"NULL";"NULL";"110";"encartes_obrigatorios";"NULL";"MARÇO";"3";"Amac. Concentrado 1L";"68";"Amac. Concentrado 1L | Amac. Concentrado 1L | Amac. Concentrado 1L"
"21";"1";"Base JBP e acordos comerciais.xlsx";"2026-03-13 09:08:13";"31";"ROXO";"1";"ROXO";"PLANO DE NEGÓCIOS";"NULL";"JANEIRO À DEZEMBRO/26";"2026-01";"2026-12";"2026-01 a 2026-12";"normalizado";"NULL";"NULL";"NULL";"NULL";"NULL";"111";"encartes_obrigatorios";"NULL";"MAIO";"5";"Amac. Concentrado 1L";"68";"Amac. Concentrado 1L | Amac. Concentrado 1L | Amac. Concentrado 1L"
"21";"1";"Base JBP e acordos comerciais.xlsx";"2026-03-13 09:08:13";"31";"ROXO";"1";"ROXO";"PLANO DE NEGÓCIOS";"NULL";"JANEIRO À DEZEMBRO/26";"2026-01";"2026-12";"2026-01 a 2026-12";"normalizado";"NULL";"NULL";"NULL";"NULL";"NULL";"112";"encartes_obrigatorios";"NULL";"JANEIRO";"1";"Lava Roupas 3L";"69";"Lava Roupas 3L | Lava Roupas 3L | Lava Roupas 3L"
"21";"1";"Base JBP e acordos comerciais.xlsx";"2026-03-13 09:08:13";"31";"ROXO";"1";"ROXO";"PLANO DE NEGÓCIOS";"NULL";"JANEIRO À DEZEMBRO/26";"2026-01";"2026-12";"2026-01 a 2026-12";"normalizado";"NULL";"NULL";"NULL";"NULL";"NULL";"113";"encartes_obrigatorios";"NULL";"MARÇO";"3";"Lava Roupas 3L";"69";"Lava Roupas 3L | Lava Roupas 3L | Lava Roupas 3L"
"21";"1";"Base JBP e acordos comerciais.xlsx";"2026-03-13 09:08:13";"31";"ROXO";"1";"ROXO";"PLANO DE NEGÓCIOS";"NULL";"JANEIRO À DEZEMBRO/26";"2026-01";"2026-12";"2026-01 a 2026-12";"normalizado";"NULL";"NULL";"NULL";"NULL";"NULL";"114";"encartes_obrigatorios";"NULL";"MAIO";"5";"Lava Roupas 3L";"69";"Lava Roupas 3L | Lava Roupas 3L | Lava Roupas 3L"
"21";"1";"Base JBP e acordos comerciais.xlsx";"2026-03-13 09:08:13";"31";"ROXO";"1";"ROXO";"PLANO DE NEGÓCIOS";"NULL";"JANEIRO À DEZEMBRO/26";"2026-01";"2026-12";"2026-01 a 2026-12";"normalizado";"NULL";"NULL";"NULL";"NULL";"NULL";"115";"encartes_obrigatorios";"NULL";"JULHO";"7";"Amac. Concentrado 1L";"72";"Amac. Concentrado 1L | Amac. Concentrado 1L | Amac. Concentrado 1L"
"21";"1";"Base JBP e acordos comerciais.xlsx";"2026-03-13 09:08:13";"31";"ROXO";"1";"ROXO";"PLANO DE NEGÓCIOS";"NULL";"JANEIRO À DEZEMBRO/26";"2026-01";"2026-12";"2026-01 a 2026-12";"normalizado";"NULL";"NULL";"NULL";"NULL";"NULL";"116";"encartes_obrigatorios";"NULL";"SETEMBRO";"9";"Amac. Concentrado 1L";"72";"Amac. Concentrado 1L | Amac. Concentrado 1L | Amac. Concentrado 1L"
"21";"1";"Base JBP e acordos comerciais.xlsx";"2026-03-13 09:08:13";"31";"ROXO";"1";"ROXO";"PLANO DE NEGÓCIOS";"NULL";"JANEIRO À DEZEMBRO/26";"2026-01";"2026-12";"2026-01 a 2026-12";"normalizado";"NULL";"NULL";"NULL";"NULL";"NULL";"117";"encartes_obrigatorios";"NULL";"NOVEMBRO";"11";"Amac. Concentrado 1L";"72";"Amac. Concentrado 1L | Amac. Concentrado 1L | Amac. Concentrado 1L"
"21";"1";"Base JBP e acordos comerciais.xlsx";"2026-03-13 09:08:13";"31";"ROXO";"1";"ROXO";"PLANO DE NEGÓCIOS";"NULL";"JANEIRO À DEZEMBRO/26";"2026-01";"2026-12";"2026-01 a 2026-12";"normalizado";"NULL";"NULL";"NULL";"NULL";"NULL";"118";"encartes_obrigatorios";"NULL";"JULHO";"7";"Lava Roupas 3L";"73";"Lava Roupas 3L | Lava Roupas 3L | Lava Roupas 3L"
"21";"1";"Base JBP e acordos comerciais.xlsx";"2026-03-13 09:08:13";"31";"ROXO";"1";"ROXO";"PLANO DE NEGÓCIOS";"NULL";"JANEIRO À DEZEMBRO/26";"2026-01";"2026-12";"2026-01 a 2026-12";"normalizado";"NULL";"NULL";"NULL";"NULL";"NULL";"119";"encartes_obrigatorios";"NULL";"SETEMBRO";"9";"Lava Roupas 3L";"73";"Lava Roupas 3L | Lava Roupas 3L | Lava Roupas 3L"
"21";"1";"Base JBP e acordos comerciais.xlsx";"2026-03-13 09:08:13";"31";"ROXO";"1";"ROXO";"PLANO DE NEGÓCIOS";"NULL";"JANEIRO À DEZEMBRO/26";"2026-01";"2026-12";"2026-01 a 2026-12";"normalizado";"NULL";"NULL";"NULL";"NULL";"NULL";"120";"encartes_obrigatorios";"NULL";"NOVEMBRO";"11";"Lava Roupas 3L";"73";"Lava Roupas 3L | Lava Roupas 3L | Lava Roupas 3L"
"22";"1";"Base JBP e acordos comerciais.xlsx";"2026-03-13 09:08:13";"31";"TREICHEL";"1";"TREICHEL";"PLANO DE NEGÓCIOS";"NULL";"JANEIRO À DEZEMBRO/26";"2026-01";"2026-12";"2026-01 a 2026-12";"normalizado";"NULL";"NULL";"NULL";"NULL";"NULL";"121";"contrapartidas_itens_ponta_gondola_obrigatorios";"NULL";"JANEIRO";"1";"Amac. Concentrado Promo 1,5L";"38";"Amac. Concentrado Promo 1,5L | Amac. Concentrado Promo 1,5L | Amac. Concentrado Promo 1,5L"
"22";"1";"Base JBP e acordos comerciais.xlsx";"2026-03-13 09:08:13";"31";"TREICHEL";"1";"TREICHEL";"PLANO DE NEGÓCIOS";"NULL";"JANEIRO À DEZEMBRO/26";"2026-01";"2026-12";"2026-01 a 2026-12";"normalizado";"NULL";"NULL";"NULL";"NULL";"NULL";"122";"contrapartidas_itens_ponta_gondola_obrigatorios";"NULL";"MARÇO";"3";"Amac. Concentrado Promo 1,5L";"38";"Amac. Concentrado Promo 1,5L | Amac. Concentrado Promo 1,5L | Amac. Concentrado Promo 1,5L"
"22";"1";"Base JBP e acordos comerciais.xlsx";"2026-03-13 09:08:13";"31";"TREICHEL";"1";"TREICHEL";"PLANO DE NEGÓCIOS";"NULL";"JANEIRO À DEZEMBRO/26";"2026-01";"2026-12";"2026-01 a 2026-12";"normalizado";"NULL";"NULL";"NULL";"NULL";"NULL";"123";"contrapartidas_itens_ponta_gondola_obrigatorios";"NULL";"MAIO";"5";"Amac. Concentrado Promo 1,5L";"38";"Amac. Concentrado Promo 1,5L | Amac. Concentrado Promo 1,5L | Amac. Concentrado Promo 1,5L"
"22";"1";"Base JBP e acordos comerciais.xlsx";"2026-03-13 09:08:13";"31";"TREICHEL";"1";"TREICHEL";"PLANO DE NEGÓCIOS";"NULL";"JANEIRO À DEZEMBRO/26";"2026-01";"2026-12";"2026-01 a 2026-12";"normalizado";"NULL";"NULL";"NULL";"NULL";"NULL";"124";"contrapartidas_itens_ponta_gondola_obrigatorios";"NULL";"JANEIRO";"1";"Lava Roupas 3L";"39";"Lava Roupas 3L | Lava Roupas 3L | Lava Roupas 3L"
"22";"1";"Base JBP e acordos comerciais.xlsx";"2026-03-13 09:08:13";"31";"TREICHEL";"1";"TREICHEL";"PLANO DE NEGÓCIOS";"NULL";"JANEIRO À DEZEMBRO/26";"2026-01";"2026-12";"2026-01 a 2026-12";"normalizado";"NULL";"NULL";"NULL";"NULL";"NULL";"125";"contrapartidas_itens_ponta_gondola_obrigatorios";"NULL";"MARÇO";"3";"Lava Roupas 3L";"39";"Lava Roupas 3L | Lava Roupas 3L | Lava Roupas 3L"
"22";"1";"Base JBP e acordos comerciais.xlsx";"2026-03-13 09:08:13";"31";"TREICHEL";"1";"TREICHEL";"PLANO DE NEGÓCIOS";"NULL";"JANEIRO À DEZEMBRO/26";"2026-01";"2026-12";"2026-01 a 2026-12";"normalizado";"NULL";"NULL";"NULL";"NULL";"NULL";"126";"contrapartidas_itens_ponta_gondola_obrigatorios";"NULL";"MAIO";"5";"Lava Roupas 3L";"39";"Lava Roupas 3L | Lava Roupas 3L | Lava Roupas 3L"
"22";"1";"Base JBP e acordos comerciais.xlsx";"2026-03-13 09:08:13";"31";"TREICHEL";"1";"TREICHEL";"PLANO DE NEGÓCIOS";"NULL";"JANEIRO À DEZEMBRO/26";"2026-01";"2026-12";"2026-01 a 2026-12";"normalizado";"NULL";"NULL";"NULL";"NULL";"NULL";"127";"contrapartidas_itens_ponta_gondola_obrigatorios";"NULL";"JULHO";"7";"Amac. Concentrado Promo 1,5L";"42";"Amac. Concentrado Promo 1,5L | Amac. Concentrado Promo 1,5L | Amac. Concentrado Promo 1,5L"
"22";"1";"Base JBP e acordos comerciais.xlsx";"2026-03-13 09:08:13";"31";"TREICHEL";"1";"TREICHEL";"PLANO DE NEGÓCIOS";"NULL";"JANEIRO À DEZEMBRO/26";"2026-01";"2026-12";"2026-01 a 2026-12";"normalizado";"NULL";"NULL";"NULL";"NULL";"NULL";"128";"contrapartidas_itens_ponta_gondola_obrigatorios";"NULL";"SETEMBRO";"9";"Amac. Concentrado Promo 1,5L";"42";"Amac. Concentrado Promo 1,5L | Amac. Concentrado Promo 1,5L | Amac. Concentrado Promo 1,5L"
"22";"1";"Base JBP e acordos comerciais.xlsx";"2026-03-13 09:08:13";"31";"TREICHEL";"1";"TREICHEL";"PLANO DE NEGÓCIOS";"NULL";"JANEIRO À DEZEMBRO/26";"2026-01";"2026-12";"2026-01 a 2026-12";"normalizado";"NULL";"NULL";"NULL";"NULL";"NULL";"129";"contrapartidas_itens_ponta_gondola_obrigatorios";"NULL";"NOVEMBRO";"11";"Amac. Concentrado Promo 1,5L";"42";"Amac. Concentrado Promo 1,5L | Amac. Concentrado Promo 1,5L | Amac. Concentrado Promo 1,5L"
"22";"1";"Base JBP e acordos comerciais.xlsx";"2026-03-13 09:08:13";"31";"TREICHEL";"1";"TREICHEL";"PLANO DE NEGÓCIOS";"NULL";"JANEIRO À DEZEMBRO/26";"2026-01";"2026-12";"2026-01 a 2026-12";"normalizado";"NULL";"NULL";"NULL";"NULL";"NULL";"130";"contrapartidas_itens_ponta_gondola_obrigatorios";"NULL";"JULHO";"7";"Lava Roupas 3L";"43";"Lava Roupas 3L | Lava Roupas 3L | Lava Roupas 3L"
"22";"1";"Base JBP e acordos comerciais.xlsx";"2026-03-13 09:08:13";"31";"TREICHEL";"1";"TREICHEL";"PLANO DE NEGÓCIOS";"NULL";"JANEIRO À DEZEMBRO/26";"2026-01";"2026-12";"2026-01 a 2026-12";"normalizado";"NULL";"NULL";"NULL";"NULL";"NULL";"131";"contrapartidas_itens_ponta_gondola_obrigatorios";"NULL";"SETEMBRO";"9";"Lava Roupas 3L";"43";"Lava Roupas 3L | Lava Roupas 3L | Lava Roupas 3L"
"22";"1";"Base JBP e acordos comerciais.xlsx";"2026-03-13 09:08:13";"31";"TREICHEL";"1";"TREICHEL";"PLANO DE NEGÓCIOS";"NULL";"JANEIRO À DEZEMBRO/26";"2026-01";"2026-12";"2026-01 a 2026-12";"normalizado";"NULL";"NULL";"NULL";"NULL";"NULL";"132";"contrapartidas_itens_ponta_gondola_obrigatorios";"NULL";"NOVEMBRO";"11";"Lava Roupas 3L";"43";"Lava Roupas 3L | Lava Roupas 3L | Lava Roupas 3L"
"23";"1";"Base JBP e acordos comerciais.xlsx";"2026-03-13 09:08:13";"31";"JEPSEN";"1";"JEPSEN";"PLANO DE NEGÓCIOS";"NULL";"JANEIRO À DEZEMBRO/26";"2026-01";"2026-12";"2026-01 a 2026-12";"normalizado";"NULL";"NULL";"NULL";"NULL";"NULL";"133";"encartes_obrigatorios";"NULL";"JANEIRO";"1";"Amac. Concentrado 1L";"71";"Amac. Concentrado 1L | Amac. Concentrado 1L | Amac. Concentrado 1L"
"23";"1";"Base JBP e acordos comerciais.xlsx";"2026-03-13 09:08:13";"31";"JEPSEN";"1";"JEPSEN";"PLANO DE NEGÓCIOS";"NULL";"JANEIRO À DEZEMBRO/26";"2026-01";"2026-12";"2026-01 a 2026-12";"normalizado";"NULL";"NULL";"NULL";"NULL";"NULL";"134";"encartes_obrigatorios";"NULL";"MARÇO";"3";"Amac. Concentrado 1L";"71";"Amac. Concentrado 1L | Amac. Concentrado 1L | Amac. Concentrado 1L"
"23";"1";"Base JBP e acordos comerciais.xlsx";"2026-03-13 09:08:13";"31";"JEPSEN";"1";"JEPSEN";"PLANO DE NEGÓCIOS";"NULL";"JANEIRO À DEZEMBRO/26";"2026-01";"2026-12";"2026-01 a 2026-12";"normalizado";"NULL";"NULL";"NULL";"NULL";"NULL";"135";"encartes_obrigatorios";"NULL";"MAIO";"5";"Amac. Concentrado 1L";"71";"Amac. Concentrado 1L | Amac. Concentrado 1L | Amac. Concentrado 1L"
"23";"1";"Base JBP e acordos comerciais.xlsx";"2026-03-13 09:08:13";"31";"JEPSEN";"1";"JEPSEN";"PLANO DE NEGÓCIOS";"NULL";"JANEIRO À DEZEMBRO/26";"2026-01";"2026-12";"2026-01 a 2026-12";"normalizado";"NULL";"NULL";"NULL";"NULL";"NULL";"136";"encartes_obrigatorios";"NULL";"JANEIRO";"1";"Lava Roupas 3L";"72";"Lava Roupas 3L | Lava Roupas 3L | Lava Roupas 3L"
"23";"1";"Base JBP e acordos comerciais.xlsx";"2026-03-13 09:08:13";"31";"JEPSEN";"1";"JEPSEN";"PLANO DE NEGÓCIOS";"NULL";"JANEIRO À DEZEMBRO/26";"2026-01";"2026-12";"2026-01 a 2026-12";"normalizado";"NULL";"NULL";"NULL";"NULL";"NULL";"137";"encartes_obrigatorios";"NULL";"MARÇO";"3";"Lava Roupas 3L";"72";"Lava Roupas 3L | Lava Roupas 3L | Lava Roupas 3L"
"23";"1";"Base JBP e acordos comerciais.xlsx";"2026-03-13 09:08:13";"31";"JEPSEN";"1";"JEPSEN";"PLANO DE NEGÓCIOS";"NULL";"JANEIRO À DEZEMBRO/26";"2026-01";"2026-12";"2026-01 a 2026-12";"normalizado";"NULL";"NULL";"NULL";"NULL";"NULL";"138";"encartes_obrigatorios";"NULL";"MAIO";"5";"Lava Roupas 3L";"72";"Lava Roupas 3L | Lava Roupas 3L | Lava Roupas 3L"
"23";"1";"Base JBP e acordos comerciais.xlsx";"2026-03-13 09:08:13";"31";"JEPSEN";"1";"JEPSEN";"PLANO DE NEGÓCIOS";"NULL";"JANEIRO À DEZEMBRO/26";"2026-01";"2026-12";"2026-01 a 2026-12";"normalizado";"NULL";"NULL";"NULL";"NULL";"NULL";"139";"encartes_obrigatorios";"NULL";"JULHO";"7";"Amac. Concentrado 1L";"75";"Amac. Concentrado 1L | Amac. Concentrado 1L | Amac. Concentrado 1L"
"23";"1";"Base JBP e acordos comerciais.xlsx";"2026-03-13 09:08:13";"31";"JEPSEN";"1";"JEPSEN";"PLANO DE NEGÓCIOS";"NULL";"JANEIRO À DEZEMBRO/26";"2026-01";"2026-12";"2026-01 a 2026-12";"normalizado";"NULL";"NULL";"NULL";"NULL";"NULL";"140";"encartes_obrigatorios";"NULL";"SETEMBRO";"9";"Amac. Concentrado 1L";"75";"Amac. Concentrado 1L | Amac. Concentrado 1L | Amac. Concentrado 1L"
"23";"1";"Base JBP e acordos comerciais.xlsx";"2026-03-13 09:08:13";"31";"JEPSEN";"1";"JEPSEN";"PLANO DE NEGÓCIOS";"NULL";"JANEIRO À DEZEMBRO/26";"2026-01";"2026-12";"2026-01 a 2026-12";"normalizado";"NULL";"NULL";"NULL";"NULL";"NULL";"141";"encartes_obrigatorios";"NULL";"NOVEMBRO";"11";"Amac. Concentrado 1L";"75";"Amac. Concentrado 1L | Amac. Concentrado 1L | Amac. Concentrado 1L"
"23";"1";"Base JBP e acordos comerciais.xlsx";"2026-03-13 09:08:13";"31";"JEPSEN";"1";"JEPSEN";"PLANO DE NEGÓCIOS";"NULL";"JANEIRO À DEZEMBRO/26";"2026-01";"2026-12";"2026-01 a 2026-12";"normalizado";"NULL";"NULL";"NULL";"NULL";"NULL";"142";"encartes_obrigatorios";"NULL";"JULHO";"7";"Lava Roupas 3L";"76";"Lava Roupas 3L | Lava Roupas 3L | Lava Roupas 3L"
"23";"1";"Base JBP e acordos comerciais.xlsx";"2026-03-13 09:08:13";"31";"JEPSEN";"1";"JEPSEN";"PLANO DE NEGÓCIOS";"NULL";"JANEIRO À DEZEMBRO/26";"2026-01";"2026-12";"2026-01 a 2026-12";"normalizado";"NULL";"NULL";"NULL";"NULL";"NULL";"143";"encartes_obrigatorios";"NULL";"SETEMBRO";"9";"Lava Roupas 3L";"76";"Lava Roupas 3L | Lava Roupas 3L | Lava Roupas 3L"
"23";"1";"Base JBP e acordos comerciais.xlsx";"2026-03-13 09:08:13";"31";"JEPSEN";"1";"JEPSEN";"PLANO DE NEGÓCIOS";"NULL";"JANEIRO À DEZEMBRO/26";"2026-01";"2026-12";"2026-01 a 2026-12";"normalizado";"NULL";"NULL";"NULL";"NULL";"NULL";"144";"encartes_obrigatorios";"NULL";"NOVEMBRO";"11";"Lava Roupas 3L";"76";"Lava Roupas 3L | Lava Roupas 3L | Lava Roupas 3L"
"25";"1";"Base JBP e acordos comerciais.xlsx";"2026-03-13 09:08:13";"31";"BONATO";"1";"L C BONATO";"PLANO DE NEGÓCIOS";"NULL";"JANEIRO À DEZEMBRO/26";"2026-01";"2026-12";"2026-01 a 2026-12";"normalizado";"NULL";"NULL";"NULL";"NULL";"NULL";"145";"encartes_obrigatorios";"NULL";"JANEIRO";"1";"Amac. Concentrado 1L";"51";"Amac. Concentrado 1L | Amac. Concentrado Promo 1,5L | Amac. Concentrado 1L"
"25";"1";"Base JBP e acordos comerciais.xlsx";"2026-03-13 09:08:13";"31";"BONATO";"1";"L C BONATO";"PLANO DE NEGÓCIOS";"NULL";"JANEIRO À DEZEMBRO/26";"2026-01";"2026-12";"2026-01 a 2026-12";"normalizado";"NULL";"NULL";"NULL";"NULL";"NULL";"146";"encartes_obrigatorios";"NULL";"MARÇO";"3";"Amac. Concentrado Promo 1,5L";"51";"Amac. Concentrado 1L | Amac. Concentrado Promo 1,5L | Amac. Concentrado 1L"
"25";"1";"Base JBP e acordos comerciais.xlsx";"2026-03-13 09:08:13";"31";"BONATO";"1";"L C BONATO";"PLANO DE NEGÓCIOS";"NULL";"JANEIRO À DEZEMBRO/26";"2026-01";"2026-12";"2026-01 a 2026-12";"normalizado";"NULL";"NULL";"NULL";"NULL";"NULL";"147";"encartes_obrigatorios";"NULL";"MAIO";"5";"Amac. Concentrado 1L";"51";"Amac. Concentrado 1L | Amac. Concentrado Promo 1,5L | Amac. Concentrado 1L"
"25";"1";"Base JBP e acordos comerciais.xlsx";"2026-03-13 09:08:13";"31";"BONATO";"1";"L C BONATO";"PLANO DE NEGÓCIOS";"NULL";"JANEIRO À DEZEMBRO/26";"2026-01";"2026-12";"2026-01 a 2026-12";"normalizado";"NULL";"NULL";"NULL";"NULL";"NULL";"148";"encartes_obrigatorios";"NULL";"JANEIRO";"1";"Lava Roupas 3L";"52";"Lava Roupas 3L | Lava Roupas 3L | Lava Roupas 3L"
"25";"1";"Base JBP e acordos comerciais.xlsx";"2026-03-13 09:08:13";"31";"BONATO";"1";"L C BONATO";"PLANO DE NEGÓCIOS";"NULL";"JANEIRO À DEZEMBRO/26";"2026-01";"2026-12";"2026-01 a 2026-12";"normalizado";"NULL";"NULL";"NULL";"NULL";"NULL";"149";"encartes_obrigatorios";"NULL";"MARÇO";"3";"Lava Roupas 3L";"52";"Lava Roupas 3L | Lava Roupas 3L | Lava Roupas 3L"
"25";"1";"Base JBP e acordos comerciais.xlsx";"2026-03-13 09:08:13";"31";"BONATO";"1";"L C BONATO";"PLANO DE NEGÓCIOS";"NULL";"JANEIRO À DEZEMBRO/26";"2026-01";"2026-12";"2026-01 a 2026-12";"normalizado";"NULL";"NULL";"NULL";"NULL";"NULL";"150";"encartes_obrigatorios";"NULL";"MAIO";"5";"Lava Roupas 3L";"52";"Lava Roupas 3L | Lava Roupas 3L | Lava Roupas 3L"
"25";"1";"Base JBP e acordos comerciais.xlsx";"2026-03-13 09:08:13";"31";"BONATO";"1";"L C BONATO";"PLANO DE NEGÓCIOS";"NULL";"JANEIRO À DEZEMBRO/26";"2026-01";"2026-12";"2026-01 a 2026-12";"normalizado";"NULL";"NULL";"NULL";"NULL";"NULL";"151";"encartes_obrigatorios";"NULL";"JULHO";"7";"Amac. Concentrado Promo 1,5L";"55";"Amac. Concentrado Promo 1,5L | Amac. Concentrado 1L | Amac. Concentrado Promo 1,5L"
"25";"1";"Base JBP e acordos comerciais.xlsx";"2026-03-13 09:08:13";"31";"BONATO";"1";"L C BONATO";"PLANO DE NEGÓCIOS";"NULL";"JANEIRO À DEZEMBRO/26";"2026-01";"2026-12";"2026-01 a 2026-12";"normalizado";"NULL";"NULL";"NULL";"NULL";"NULL";"152";"encartes_obrigatorios";"NULL";"SETEMBRO";"9";"Amac. Concentrado 1L";"55";"Amac. Concentrado Promo 1,5L | Amac. Concentrado 1L | Amac. Concentrado Promo 1,5L"
"25";"1";"Base JBP e acordos comerciais.xlsx";"2026-03-13 09:08:13";"31";"BONATO";"1";"L C BONATO";"PLANO DE NEGÓCIOS";"NULL";"JANEIRO À DEZEMBRO/26";"2026-01";"2026-12";"2026-01 a 2026-12";"normalizado";"NULL";"NULL";"NULL";"NULL";"NULL";"153";"encartes_obrigatorios";"NULL";"NOVEMBRO";"11";"Amac. Concentrado Promo 1,5L";"55";"Amac. Concentrado Promo 1,5L | Amac. Concentrado 1L | Amac. Concentrado Promo 1,5L"
"25";"1";"Base JBP e acordos comerciais.xlsx";"2026-03-13 09:08:13";"31";"BONATO";"1";"L C BONATO";"PLANO DE NEGÓCIOS";"NULL";"JANEIRO À DEZEMBRO/26";"2026-01";"2026-12";"2026-01 a 2026-12";"normalizado";"NULL";"NULL";"NULL";"NULL";"NULL";"154";"encartes_obrigatorios";"NULL";"JULHO";"7";"Lava Roupas 3L";"56";"Lava Roupas 3L | Lava Roupas 3L | Lava Roupas 3L"
"25";"1";"Base JBP e acordos comerciais.xlsx";"2026-03-13 09:08:13";"31";"BONATO";"1";"L C BONATO";"PLANO DE NEGÓCIOS";"NULL";"JANEIRO À DEZEMBRO/26";"2026-01";"2026-12";"2026-01 a 2026-12";"normalizado";"NULL";"NULL";"NULL";"NULL";"NULL";"155";"encartes_obrigatorios";"NULL";"SETEMBRO";"9";"Lava Roupas 3L";"56";"Lava Roupas 3L | Lava Roupas 3L | Lava Roupas 3L"
"25";"1";"Base JBP e acordos comerciais.xlsx";"2026-03-13 09:08:13";"31";"BONATO";"1";"L C BONATO";"PLANO DE NEGÓCIOS";"NULL";"JANEIRO À DEZEMBRO/26";"2026-01";"2026-12";"2026-01 a 2026-12";"normalizado";"NULL";"NULL";"NULL";"NULL";"NULL";"156";"encartes_obrigatorios";"NULL";"NOVEMBRO";"11";"Lava Roupas 3L";"56";"Lava Roupas 3L | Lava Roupas 3L | Lava Roupas 3L"
"26";"1";"Base JBP e acordos comerciais.xlsx";"2026-03-13 09:08:13";"31";"STOCK-ARCHER";"1";"STOCK/ARCHER";"PLANO DE NEGÓCIOS";"NULL";"JANEIRO À DEZEMBRO/26";"2026-01";"2026-12";"2026-01 a 2026-12";"normalizado";"NULL";"NULL";"NULL";"NULL";"NULL";"157";"encartes_obrigatorios";"NULL";"JANEIRO";"1";"Amac. Concentrado 1L";"61";"Amac. Concentrado 1L | Amac. Concentrado 1L | Amac. Concentrado 1L | Amac. Concentrado 1L | Amac. Concentrado 1L | Amac. Concentrado 1L"
"26";"1";"Base JBP e acordos comerciais.xlsx";"2026-03-13 09:08:13";"31";"STOCK-ARCHER";"1";"STOCK/ARCHER";"PLANO DE NEGÓCIOS";"NULL";"JANEIRO À DEZEMBRO/26";"2026-01";"2026-12";"2026-01 a 2026-12";"normalizado";"NULL";"NULL";"NULL";"NULL";"NULL";"158";"encartes_obrigatorios";"NULL";"FEVEREIRO";"2";"Amac. Concentrado 1L";"61";"Amac. Concentrado 1L | Amac. Concentrado 1L | Amac. Concentrado 1L | Amac. Concentrado 1L | Amac. Concentrado 1L | Amac. Concentrado 1L"
"26";"1";"Base JBP e acordos comerciais.xlsx";"2026-03-13 09:08:13";"31";"STOCK-ARCHER";"1";"STOCK/ARCHER";"PLANO DE NEGÓCIOS";"NULL";"JANEIRO À DEZEMBRO/26";"2026-01";"2026-12";"2026-01 a 2026-12";"normalizado";"NULL";"NULL";"NULL";"NULL";"NULL";"159";"encartes_obrigatorios";"NULL";"MARÇO";"3";"Amac. Concentrado 1L";"61";"Amac. Concentrado 1L | Amac. Concentrado 1L | Amac. Concentrado 1L | Amac. Concentrado 1L | Amac. Concentrado 1L | Amac. Concentrado 1L"
"26";"1";"Base JBP e acordos comerciais.xlsx";"2026-03-13 09:08:13";"31";"STOCK-ARCHER";"1";"STOCK/ARCHER";"PLANO DE NEGÓCIOS";"NULL";"JANEIRO À DEZEMBRO/26";"2026-01";"2026-12";"2026-01 a 2026-12";"normalizado";"NULL";"NULL";"NULL";"NULL";"NULL";"160";"encartes_obrigatorios";"NULL";"ABRIL";"4";"Amac. Concentrado 1L";"61";"Amac. Concentrado 1L | Amac. Concentrado 1L | Amac. Concentrado 1L | Amac. Concentrado 1L | Amac. Concentrado 1L | Amac. Concentrado 1L"
"26";"1";"Base JBP e acordos comerciais.xlsx";"2026-03-13 09:08:13";"31";"STOCK-ARCHER";"1";"STOCK/ARCHER";"PLANO DE NEGÓCIOS";"NULL";"JANEIRO À DEZEMBRO/26";"2026-01";"2026-12";"2026-01 a 2026-12";"normalizado";"NULL";"NULL";"NULL";"NULL";"NULL";"161";"encartes_obrigatorios";"NULL";"MAIO";"5";"Amac. Concentrado 1L";"61";"Amac. Concentrado 1L | Amac. Concentrado 1L | Amac. Concentrado 1L | Amac. Concentrado 1L | Amac. Concentrado 1L | Amac. Concentrado 1L"
"26";"1";"Base JBP e acordos comerciais.xlsx";"2026-03-13 09:08:13";"31";"STOCK-ARCHER";"1";"STOCK/ARCHER";"PLANO DE NEGÓCIOS";"NULL";"JANEIRO À DEZEMBRO/26";"2026-01";"2026-12";"2026-01 a 2026-12";"normalizado";"NULL";"NULL";"NULL";"NULL";"NULL";"162";"encartes_obrigatorios";"NULL";"JUNHO";"6";"Amac. Concentrado 1L";"61";"Amac. Concentrado 1L | Amac. Concentrado 1L | Amac. Concentrado 1L | Amac. Concentrado 1L | Amac. Concentrado 1L | Amac. Concentrado 1L"
"26";"1";"Base JBP e acordos comerciais.xlsx";"2026-03-13 09:08:13";"31";"STOCK-ARCHER";"1";"STOCK/ARCHER";"PLANO DE NEGÓCIOS";"NULL";"JANEIRO À DEZEMBRO/26";"2026-01";"2026-12";"2026-01 a 2026-12";"normalizado";"NULL";"NULL";"NULL";"NULL";"NULL";"163";"encartes_obrigatorios";"NULL";"JANEIRO";"1";"Lava Roupas 1L";"62";"Lava Roupas 1L | Lava Roupas 1L | Lava Roupas 1L | Lava Roupas 1L | Lava Roupas 1L | Lava Roupas 1L"
"26";"1";"Base JBP e acordos comerciais.xlsx";"2026-03-13 09:08:13";"31";"STOCK-ARCHER";"1";"STOCK/ARCHER";"PLANO DE NEGÓCIOS";"NULL";"JANEIRO À DEZEMBRO/26";"2026-01";"2026-12";"2026-01 a 2026-12";"normalizado";"NULL";"NULL";"NULL";"NULL";"NULL";"164";"encartes_obrigatorios";"NULL";"FEVEREIRO";"2";"Lava Roupas 1L";"62";"Lava Roupas 1L | Lava Roupas 1L | Lava Roupas 1L | Lava Roupas 1L | Lava Roupas 1L | Lava Roupas 1L"
"26";"1";"Base JBP e acordos comerciais.xlsx";"2026-03-13 09:08:13";"31";"STOCK-ARCHER";"1";"STOCK/ARCHER";"PLANO DE NEGÓCIOS";"NULL";"JANEIRO À DEZEMBRO/26";"2026-01";"2026-12";"2026-01 a 2026-12";"normalizado";"NULL";"NULL";"NULL";"NULL";"NULL";"165";"encartes_obrigatorios";"NULL";"MARÇO";"3";"Lava Roupas 1L";"62";"Lava Roupas 1L | Lava Roupas 1L | Lava Roupas 1L | Lava Roupas 1L | Lava Roupas 1L | Lava Roupas 1L"
"26";"1";"Base JBP e acordos comerciais.xlsx";"2026-03-13 09:08:13";"31";"STOCK-ARCHER";"1";"STOCK/ARCHER";"PLANO DE NEGÓCIOS";"NULL";"JANEIRO À DEZEMBRO/26";"2026-01";"2026-12";"2026-01 a 2026-12";"normalizado";"NULL";"NULL";"NULL";"NULL";"NULL";"166";"encartes_obrigatorios";"NULL";"ABRIL";"4";"Lava Roupas 1L";"62";"Lava Roupas 1L | Lava Roupas 1L | Lava Roupas 1L | Lava Roupas 1L | Lava Roupas 1L | Lava Roupas 1L"
"26";"1";"Base JBP e acordos comerciais.xlsx";"2026-03-13 09:08:13";"31";"STOCK-ARCHER";"1";"STOCK/ARCHER";"PLANO DE NEGÓCIOS";"NULL";"JANEIRO À DEZEMBRO/26";"2026-01";"2026-12";"2026-01 a 2026-12";"normalizado";"NULL";"NULL";"NULL";"NULL";"NULL";"167";"encartes_obrigatorios";"NULL";"MAIO";"5";"Lava Roupas 1L";"62";"Lava Roupas 1L | Lava Roupas 1L | Lava Roupas 1L | Lava Roupas 1L | Lava Roupas 1L | Lava Roupas 1L"
"26";"1";"Base JBP e acordos comerciais.xlsx";"2026-03-13 09:08:13";"31";"STOCK-ARCHER";"1";"STOCK/ARCHER";"PLANO DE NEGÓCIOS";"NULL";"JANEIRO À DEZEMBRO/26";"2026-01";"2026-12";"2026-01 a 2026-12";"normalizado";"NULL";"NULL";"NULL";"NULL";"NULL";"168";"encartes_obrigatorios";"NULL";"JUNHO";"6";"Lava Roupas 1L";"62";"Lava Roupas 1L | Lava Roupas 1L | Lava Roupas 1L | Lava Roupas 1L | Lava Roupas 1L | Lava Roupas 1L"
"26";"1";"Base JBP e acordos comerciais.xlsx";"2026-03-13 09:08:13";"31";"STOCK-ARCHER";"1";"STOCK/ARCHER";"PLANO DE NEGÓCIOS";"NULL";"JANEIRO À DEZEMBRO/26";"2026-01";"2026-12";"2026-01 a 2026-12";"normalizado";"NULL";"NULL";"NULL";"NULL";"NULL";"169";"encartes_obrigatorios";"NULL";"JANEIRO";"1";"Limpador Perfumado 1L";"63";"Limpador Perfumado 1L | Limpador Perfumado 1L | Limpador Perfumado 1L | Limpador Perfumado 1L | Limpador Perfumado 1L | Limpador Perfumado 1L"
"26";"1";"Base JBP e acordos comerciais.xlsx";"2026-03-13 09:08:13";"31";"STOCK-ARCHER";"1";"STOCK/ARCHER";"PLANO DE NEGÓCIOS";"NULL";"JANEIRO À DEZEMBRO/26";"2026-01";"2026-12";"2026-01 a 2026-12";"normalizado";"NULL";"NULL";"NULL";"NULL";"NULL";"170";"encartes_obrigatorios";"NULL";"FEVEREIRO";"2";"Limpador Perfumado 1L";"63";"Limpador Perfumado 1L | Limpador Perfumado 1L | Limpador Perfumado 1L | Limpador Perfumado 1L | Limpador Perfumado 1L | Limpador Perfumado 1L"
"26";"1";"Base JBP e acordos comerciais.xlsx";"2026-03-13 09:08:13";"31";"STOCK-ARCHER";"1";"STOCK/ARCHER";"PLANO DE NEGÓCIOS";"NULL";"JANEIRO À DEZEMBRO/26";"2026-01";"2026-12";"2026-01 a 2026-12";"normalizado";"NULL";"NULL";"NULL";"NULL";"NULL";"171";"encartes_obrigatorios";"NULL";"MARÇO";"3";"Limpador Perfumado 1L";"63";"Limpador Perfumado 1L | Limpador Perfumado 1L | Limpador Perfumado 1L | Limpador Perfumado 1L | Limpador Perfumado 1L | Limpador Perfumado 1L"
"26";"1";"Base JBP e acordos comerciais.xlsx";"2026-03-13 09:08:13";"31";"STOCK-ARCHER";"1";"STOCK/ARCHER";"PLANO DE NEGÓCIOS";"NULL";"JANEIRO À DEZEMBRO/26";"2026-01";"2026-12";"2026-01 a 2026-12";"normalizado";"NULL";"NULL";"NULL";"NULL";"NULL";"172";"encartes_obrigatorios";"NULL";"ABRIL";"4";"Limpador Perfumado 1L";"63";"Limpador Perfumado 1L | Limpador Perfumado 1L | Limpador Perfumado 1L | Limpador Perfumado 1L | Limpador Perfumado 1L | Limpador Perfumado 1L"
"26";"1";"Base JBP e acordos comerciais.xlsx";"2026-03-13 09:08:13";"31";"STOCK-ARCHER";"1";"STOCK/ARCHER";"PLANO DE NEGÓCIOS";"NULL";"JANEIRO À DEZEMBRO/26";"2026-01";"2026-12";"2026-01 a 2026-12";"normalizado";"NULL";"NULL";"NULL";"NULL";"NULL";"173";"encartes_obrigatorios";"NULL";"MAIO";"5";"Limpador Perfumado 1L";"63";"Limpador Perfumado 1L | Limpador Perfumado 1L | Limpador Perfumado 1L | Limpador Perfumado 1L | Limpador Perfumado 1L | Limpador Perfumado 1L"
"26";"1";"Base JBP e acordos comerciais.xlsx";"2026-03-13 09:08:13";"31";"STOCK-ARCHER";"1";"STOCK/ARCHER";"PLANO DE NEGÓCIOS";"NULL";"JANEIRO À DEZEMBRO/26";"2026-01";"2026-12";"2026-01 a 2026-12";"normalizado";"NULL";"NULL";"NULL";"NULL";"NULL";"174";"encartes_obrigatorios";"NULL";"JUNHO";"6";"Limpador Perfumado 1L";"63";"Limpador Perfumado 1L | Limpador Perfumado 1L | Limpador Perfumado 1L | Limpador Perfumado 1L | Limpador Perfumado 1L | Limpador Perfumado 1L"
"26";"1";"Base JBP e acordos comerciais.xlsx";"2026-03-13 09:08:13";"31";"STOCK-ARCHER";"1";"STOCK/ARCHER";"PLANO DE NEGÓCIOS";"NULL";"JANEIRO À DEZEMBRO/26";"2026-01";"2026-12";"2026-01 a 2026-12";"normalizado";"NULL";"NULL";"NULL";"NULL";"NULL";"175";"encartes_obrigatorios";"NULL";"JULHO";"7";"Amac. Concentrado 1L";"66";"Amac. Concentrado 1L | Amac. Concentrado 1L | Amac. Concentrado 1L | Amac. Concentrado 1L | Amac. Concentrado 1L | Amac. Concentrado 1L"
"26";"1";"Base JBP e acordos comerciais.xlsx";"2026-03-13 09:08:13";"31";"STOCK-ARCHER";"1";"STOCK/ARCHER";"PLANO DE NEGÓCIOS";"NULL";"JANEIRO À DEZEMBRO/26";"2026-01";"2026-12";"2026-01 a 2026-12";"normalizado";"NULL";"NULL";"NULL";"NULL";"NULL";"176";"encartes_obrigatorios";"NULL";"AGOSTO";"8";"Amac. Concentrado 1L";"66";"Amac. Concentrado 1L | Amac. Concentrado 1L | Amac. Concentrado 1L | Amac. Concentrado 1L | Amac. Concentrado 1L | Amac. Concentrado 1L"
"26";"1";"Base JBP e acordos comerciais.xlsx";"2026-03-13 09:08:13";"31";"STOCK-ARCHER";"1";"STOCK/ARCHER";"PLANO DE NEGÓCIOS";"NULL";"JANEIRO À DEZEMBRO/26";"2026-01";"2026-12";"2026-01 a 2026-12";"normalizado";"NULL";"NULL";"NULL";"NULL";"NULL";"177";"encartes_obrigatorios";"NULL";"SETEMBRO";"9";"Amac. Concentrado 1L";"66";"Amac. Concentrado 1L | Amac. Concentrado 1L | Amac. Concentrado 1L | Amac. Concentrado 1L | Amac. Concentrado 1L | Amac. Concentrado 1L"
"26";"1";"Base JBP e acordos comerciais.xlsx";"2026-03-13 09:08:13";"31";"STOCK-ARCHER";"1";"STOCK/ARCHER";"PLANO DE NEGÓCIOS";"NULL";"JANEIRO À DEZEMBRO/26";"2026-01";"2026-12";"2026-01 a 2026-12";"normalizado";"NULL";"NULL";"NULL";"NULL";"NULL";"178";"encartes_obrigatorios";"NULL";"OUTUBRO";"10";"Amac. Concentrado 1L";"66";"Amac. Concentrado 1L | Amac. Concentrado 1L | Amac. Concentrado 1L | Amac. Concentrado 1L | Amac. Concentrado 1L | Amac. Concentrado 1L"
"26";"1";"Base JBP e acordos comerciais.xlsx";"2026-03-13 09:08:13";"31";"STOCK-ARCHER";"1";"STOCK/ARCHER";"PLANO DE NEGÓCIOS";"NULL";"JANEIRO À DEZEMBRO/26";"2026-01";"2026-12";"2026-01 a 2026-12";"normalizado";"NULL";"NULL";"NULL";"NULL";"NULL";"179";"encartes_obrigatorios";"NULL";"NOVEMBRO";"11";"Amac. Concentrado 1L";"66";"Amac. Concentrado 1L | Amac. Concentrado 1L | Amac. Concentrado 1L | Amac. Concentrado 1L | Amac. Concentrado 1L | Amac. Concentrado 1L"
"26";"1";"Base JBP e acordos comerciais.xlsx";"2026-03-13 09:08:13";"31";"STOCK-ARCHER";"1";"STOCK/ARCHER";"PLANO DE NEGÓCIOS";"NULL";"JANEIRO À DEZEMBRO/26";"2026-01";"2026-12";"2026-01 a 2026-12";"normalizado";"NULL";"NULL";"NULL";"NULL";"NULL";"180";"encartes_obrigatorios";"NULL";"DEZEMBRO";"12";"Amac. Concentrado 1L";"66";"Amac. Concentrado 1L | Amac. Concentrado 1L | Amac. Concentrado 1L | Amac. Concentrado 1L | Amac. Concentrado 1L | Amac. Concentrado 1L"
"26";"1";"Base JBP e acordos comerciais.xlsx";"2026-03-13 09:08:13";"31";"STOCK-ARCHER";"1";"STOCK/ARCHER";"PLANO DE NEGÓCIOS";"NULL";"JANEIRO À DEZEMBRO/26";"2026-01";"2026-12";"2026-01 a 2026-12";"normalizado";"NULL";"NULL";"NULL";"NULL";"NULL";"181";"encartes_obrigatorios";"NULL";"JULHO";"7";"Lava Roupas 1L";"67";"Lava Roupas 1L | Lava Roupas 1L | Lava Roupas 1L | Lava Roupas 1L | Lava Roupas 1L | Lava Roupas 1L"
"26";"1";"Base JBP e acordos comerciais.xlsx";"2026-03-13 09:08:13";"31";"STOCK-ARCHER";"1";"STOCK/ARCHER";"PLANO DE NEGÓCIOS";"NULL";"JANEIRO À DEZEMBRO/26";"2026-01";"2026-12";"2026-01 a 2026-12";"normalizado";"NULL";"NULL";"NULL";"NULL";"NULL";"182";"encartes_obrigatorios";"NULL";"AGOSTO";"8";"Lava Roupas 1L";"67";"Lava Roupas 1L | Lava Roupas 1L | Lava Roupas 1L | Lava Roupas 1L | Lava Roupas 1L | Lava Roupas 1L"
"26";"1";"Base JBP e acordos comerciais.xlsx";"2026-03-13 09:08:13";"31";"STOCK-ARCHER";"1";"STOCK/ARCHER";"PLANO DE NEGÓCIOS";"NULL";"JANEIRO À DEZEMBRO/26";"2026-01";"2026-12";"2026-01 a 2026-12";"normalizado";"NULL";"NULL";"NULL";"NULL";"NULL";"183";"encartes_obrigatorios";"NULL";"SETEMBRO";"9";"Lava Roupas 1L";"67";"Lava Roupas 1L | Lava Roupas 1L | Lava Roupas 1L | Lava Roupas 1L | Lava Roupas 1L | Lava Roupas 1L"
"26";"1";"Base JBP e acordos comerciais.xlsx";"2026-03-13 09:08:13";"31";"STOCK-ARCHER";"1";"STOCK/ARCHER";"PLANO DE NEGÓCIOS";"NULL";"JANEIRO À DEZEMBRO/26";"2026-01";"2026-12";"2026-01 a 2026-12";"normalizado";"NULL";"NULL";"NULL";"NULL";"NULL";"184";"encartes_obrigatorios";"NULL";"OUTUBRO";"10";"Lava Roupas 1L";"67";"Lava Roupas 1L | Lava Roupas 1L | Lava Roupas 1L | Lava Roupas 1L | Lava Roupas 1L | Lava Roupas 1L"
"26";"1";"Base JBP e acordos comerciais.xlsx";"2026-03-13 09:08:13";"31";"STOCK-ARCHER";"1";"STOCK/ARCHER";"PLANO DE NEGÓCIOS";"NULL";"JANEIRO À DEZEMBRO/26";"2026-01";"2026-12";"2026-01 a 2026-12";"normalizado";"NULL";"NULL";"NULL";"NULL";"NULL";"185";"encartes_obrigatorios";"NULL";"NOVEMBRO";"11";"Lava Roupas 1L";"67";"Lava Roupas 1L | Lava Roupas 1L | Lava Roupas 1L | Lava Roupas 1L | Lava Roupas 1L | Lava Roupas 1L"
"26";"1";"Base JBP e acordos comerciais.xlsx";"2026-03-13 09:08:13";"31";"STOCK-ARCHER";"1";"STOCK/ARCHER";"PLANO DE NEGÓCIOS";"NULL";"JANEIRO À DEZEMBRO/26";"2026-01";"2026-12";"2026-01 a 2026-12";"normalizado";"NULL";"NULL";"NULL";"NULL";"NULL";"186";"encartes_obrigatorios";"NULL";"DEZEMBRO";"12";"Lava Roupas 1L";"67";"Lava Roupas 1L | Lava Roupas 1L | Lava Roupas 1L | Lava Roupas 1L | Lava Roupas 1L | Lava Roupas 1L"
"26";"1";"Base JBP e acordos comerciais.xlsx";"2026-03-13 09:08:13";"31";"STOCK-ARCHER";"1";"STOCK/ARCHER";"PLANO DE NEGÓCIOS";"NULL";"JANEIRO À DEZEMBRO/26";"2026-01";"2026-12";"2026-01 a 2026-12";"normalizado";"NULL";"NULL";"NULL";"NULL";"NULL";"187";"encartes_obrigatorios";"NULL";"JULHO";"7";"Limpador Perfumado 1L";"68";"Limpador Perfumado 1L | Limpador Perfumado 1L | Limpador Perfumado 1L | Limpador Perfumado 1L | Limpador Perfumado 1L | Limpador Perfumado 1L"
"26";"1";"Base JBP e acordos comerciais.xlsx";"2026-03-13 09:08:13";"31";"STOCK-ARCHER";"1";"STOCK/ARCHER";"PLANO DE NEGÓCIOS";"NULL";"JANEIRO À DEZEMBRO/26";"2026-01";"2026-12";"2026-01 a 2026-12";"normalizado";"NULL";"NULL";"NULL";"NULL";"NULL";"188";"encartes_obrigatorios";"NULL";"AGOSTO";"8";"Limpador Perfumado 1L";"68";"Limpador Perfumado 1L | Limpador Perfumado 1L | Limpador Perfumado 1L | Limpador Perfumado 1L | Limpador Perfumado 1L | Limpador Perfumado 1L"
"26";"1";"Base JBP e acordos comerciais.xlsx";"2026-03-13 09:08:13";"31";"STOCK-ARCHER";"1";"STOCK/ARCHER";"PLANO DE NEGÓCIOS";"NULL";"JANEIRO À DEZEMBRO/26";"2026-01";"2026-12";"2026-01 a 2026-12";"normalizado";"NULL";"NULL";"NULL";"NULL";"NULL";"189";"encartes_obrigatorios";"NULL";"SETEMBRO";"9";"Limpador Perfumado 1L";"68";"Limpador Perfumado 1L | Limpador Perfumado 1L | Limpador Perfumado 1L | Limpador Perfumado 1L | Limpador Perfumado 1L | Limpador Perfumado 1L"
"26";"1";"Base JBP e acordos comerciais.xlsx";"2026-03-13 09:08:13";"31";"STOCK-ARCHER";"1";"STOCK/ARCHER";"PLANO DE NEGÓCIOS";"NULL";"JANEIRO À DEZEMBRO/26";"2026-01";"2026-12";"2026-01 a 2026-12";"normalizado";"NULL";"NULL";"NULL";"NULL";"NULL";"190";"encartes_obrigatorios";"NULL";"OUTUBRO";"10";"Limpador Perfumado 1L";"68";"Limpador Perfumado 1L | Limpador Perfumado 1L | Limpador Perfumado 1L | Limpador Perfumado 1L | Limpador Perfumado 1L | Limpador Perfumado 1L"
"26";"1";"Base JBP e acordos comerciais.xlsx";"2026-03-13 09:08:13";"31";"STOCK-ARCHER";"1";"STOCK/ARCHER";"PLANO DE NEGÓCIOS";"NULL";"JANEIRO À DEZEMBRO/26";"2026-01";"2026-12";"2026-01 a 2026-12";"normalizado";"NULL";"NULL";"NULL";"NULL";"NULL";"191";"encartes_obrigatorios";"NULL";"NOVEMBRO";"11";"Limpador Perfumado 1L";"68";"Limpador Perfumado 1L | Limpador Perfumado 1L | Limpador Perfumado 1L | Limpador Perfumado 1L | Limpador Perfumado 1L | Limpador Perfumado 1L"
"26";"1";"Base JBP e acordos comerciais.xlsx";"2026-03-13 09:08:13";"31";"STOCK-ARCHER";"1";"STOCK/ARCHER";"PLANO DE NEGÓCIOS";"NULL";"JANEIRO À DEZEMBRO/26";"2026-01";"2026-12";"2026-01 a 2026-12";"normalizado";"NULL";"NULL";"NULL";"NULL";"NULL";"192";"encartes_obrigatorios";"NULL";"DEZEMBRO";"12";"Limpador Perfumado 1L";"68";"Limpador Perfumado 1L | Limpador Perfumado 1L | Limpador Perfumado 1L | Limpador Perfumado 1L | Limpador Perfumado 1L | Limpador Perfumado 1L"
"27";"1";"Base JBP e acordos comerciais.xlsx";"2026-03-13 09:08:13";"31";"MAXFORT";"1";"MAXFORT ATACADO";"PLANO DE INTRODUÇÃO";"NULL";"NULL";"NULL";"NULL";"NULL";"NULL";"NULL";"NULL";"NULL";"NULL";"NULL";"193";"encartes_obrigatorios";"NULL";"DEZEMBRO";"12";"Amac. Concentrado 1L";"44";"Amac. Concentrado 1L | Amac. Concentrado 1L | Amac. Concentrado 1L | Amac. Concentrado 1L | Amac. Concentrado 1L"
"27";"1";"Base JBP e acordos comerciais.xlsx";"2026-03-13 09:08:13";"31";"MAXFORT";"1";"MAXFORT ATACADO";"PLANO DE INTRODUÇÃO";"NULL";"NULL";"NULL";"NULL";"NULL";"NULL";"NULL";"NULL";"NULL";"NULL";"NULL";"194";"encartes_obrigatorios";"NULL";"JANEIRO";"1";"Amac. Concentrado 1L";"44";"Amac. Concentrado 1L | Amac. Concentrado 1L | Amac. Concentrado 1L | Amac. Concentrado 1L | Amac. Concentrado 1L"
"27";"1";"Base JBP e acordos comerciais.xlsx";"2026-03-13 09:08:13";"31";"MAXFORT";"1";"MAXFORT ATACADO";"PLANO DE INTRODUÇÃO";"NULL";"NULL";"NULL";"NULL";"NULL";"NULL";"NULL";"NULL";"NULL";"NULL";"NULL";"195";"encartes_obrigatorios";"NULL";"FEVEREIRO";"2";"Amac. Concentrado 1L";"44";"Amac. Concentrado 1L | Amac. Concentrado 1L | Amac. Concentrado 1L | Amac. Concentrado 1L | Amac. Concentrado 1L"
"27";"1";"Base JBP e acordos comerciais.xlsx";"2026-03-13 09:08:13";"31";"MAXFORT";"1";"MAXFORT ATACADO";"PLANO DE INTRODUÇÃO";"NULL";"NULL";"NULL";"NULL";"NULL";"NULL";"NULL";"NULL";"NULL";"NULL";"NULL";"196";"encartes_obrigatorios";"NULL";"MARÇO";"3";"Amac. Concentrado 1L";"44";"Amac. Concentrado 1L | Amac. Concentrado 1L | Amac. Concentrado 1L | Amac. Concentrado 1L | Amac. Concentrado 1L"
"27";"1";"Base JBP e acordos comerciais.xlsx";"2026-03-13 09:08:13";"31";"MAXFORT";"1";"MAXFORT ATACADO";"PLANO DE INTRODUÇÃO";"NULL";"NULL";"NULL";"NULL";"NULL";"NULL";"NULL";"NULL";"NULL";"NULL";"NULL";"197";"encartes_obrigatorios";"NULL";"ABRIL";"4";"Amac. Concentrado 1L";"44";"Amac. Concentrado 1L | Amac. Concentrado 1L | Amac. Concentrado 1L | Amac. Concentrado 1L | Amac. Concentrado 1L"
"27";"1";"Base JBP e acordos comerciais.xlsx";"2026-03-13 09:08:13";"31";"MAXFORT";"1";"MAXFORT ATACADO";"PLANO DE INTRODUÇÃO";"NULL";"NULL";"NULL";"NULL";"NULL";"NULL";"NULL";"NULL";"NULL";"NULL";"NULL";"198";"encartes_obrigatorios";"NULL";"DEZEMBRO";"12";"Lava Roupas 3L";"45";"Lava Roupas 3L | Lava Roupas 3L | Lava Roupas 3L | Lava Roupas 3L | Lava Roupas 3L"
"27";"1";"Base JBP e acordos comerciais.xlsx";"2026-03-13 09:08:13";"31";"MAXFORT";"1";"MAXFORT ATACADO";"PLANO DE INTRODUÇÃO";"NULL";"NULL";"NULL";"NULL";"NULL";"NULL";"NULL";"NULL";"NULL";"NULL";"NULL";"199";"encartes_obrigatorios";"NULL";"JANEIRO";"1";"Lava Roupas 3L";"45";"Lava Roupas 3L | Lava Roupas 3L | Lava Roupas 3L | Lava Roupas 3L | Lava Roupas 3L"
"27";"1";"Base JBP e acordos comerciais.xlsx";"2026-03-13 09:08:13";"31";"MAXFORT";"1";"MAXFORT ATACADO";"PLANO DE INTRODUÇÃO";"NULL";"NULL";"NULL";"NULL";"NULL";"NULL";"NULL";"NULL";"NULL";"NULL";"NULL";"200";"encartes_obrigatorios";"NULL";"FEVEREIRO";"2";"Lava Roupas 3L";"45";"Lava Roupas 3L | Lava Roupas 3L | Lava Roupas 3L | Lava Roupas 3L | Lava Roupas 3L"
"27";"1";"Base JBP e acordos comerciais.xlsx";"2026-03-13 09:08:13";"31";"MAXFORT";"1";"MAXFORT ATACADO";"PLANO DE INTRODUÇÃO";"NULL";"NULL";"NULL";"NULL";"NULL";"NULL";"NULL";"NULL";"NULL";"NULL";"NULL";"201";"encartes_obrigatorios";"NULL";"MARÇO";"3";"Lava Roupas 3L";"45";"Lava Roupas 3L | Lava Roupas 3L | Lava Roupas 3L | Lava Roupas 3L | Lava Roupas 3L"
"27";"1";"Base JBP e acordos comerciais.xlsx";"2026-03-13 09:08:13";"31";"MAXFORT";"1";"MAXFORT ATACADO";"PLANO DE INTRODUÇÃO";"NULL";"NULL";"NULL";"NULL";"NULL";"NULL";"NULL";"NULL";"NULL";"NULL";"NULL";"202";"encartes_obrigatorios";"NULL";"ABRIL";"4";"Lava Roupas 3L";"45";"Lava Roupas 3L | Lava Roupas 3L | Lava Roupas 3L | Lava Roupas 3L | Lava Roupas 3L"
