"formulario_id";"importacao_id";"arquivo_nome";"processado_em";"total_abas";"aba_origem";"formulario_index";"cliente";"titulo_plano";"numero_acordo";"periodo_original";"periodo_inicio";"periodo_fim";"periodo_normalizado";"periodo_status";"periodo_acoes_original";"periodo_acoes_inicio";"periodo_acoes_fim";"periodo_acoes_normalizado";"periodo_acoes_status";"descricao_investimento_id";"linha_ordem";"tipo_registro";"descricao";"valor_original";"valor_numerico";"unidade";"observacao";"lado_layout";"row_excel";"linha_original"
"1";"1";"Base JBP e acordos comerciais.xlsx";"2026-03-13 09:08:13";"31";"STOK";"1";"STOK CENTER/ZAFFARI";"JBP";"NULL";"JANEIRO/25 À DEZEMBRO/25";"2025-01";"2025-12";"2025-01 a 2025-12";"normalizado";"NULL";"NULL";"NULL";"NULL";"NULL";"1";"2";"descricao_investimento";"PERCENTUAL DE INVESTIMENTO - PONTAS:";"1%";"1.0000";"%";"NULL";"NULL";"35";"PERCENTUAL DE INVESTIMENTO - PONTAS: | 1%"
"1";"1";"Base JBP e acordos comerciais.xlsx";"2026-03-13 09:08:13";"31";"STOK";"1";"STOK CENTER/ZAFFARI";"JBP";"NULL";"JANEIRO/25 À DEZEMBRO/25";"2025-01";"2025-12";"2025-01 a 2025-12";"normalizado";"NULL";"NULL";"NULL";"NULL";"NULL";"2";"3";"descricao_investimento";"PERCENTUAL DE INVESTIMENTO - PEDIDOS:";"1%";"1.0000";"%";"NULL";"NULL";"38";"PERCENTUAL DE INVESTIMENTO - PEDIDOS: | 1%"
"1";"1";"Base JBP e acordos comerciais.xlsx";"2026-03-13 09:08:13";"31";"STOK";"1";"STOK CENTER/ZAFFARI";"JBP";"NULL";"JANEIRO/25 À DEZEMBRO/25";"2025-01";"2025-12";"2025-01 a 2025-12";"normalizado";"NULL";"NULL";"NULL";"NULL";"NULL";"3";"4";"descricao_investimento";"PERCENTUAL DE INVESTIMENTO - INAUGURAÇÕES, BANNER APP, BRINDES NA COMPRA";"1%";"1.0000";"%";"NULL";"NULL";"41";"PERCENTUAL DE INVESTIMENTO - INAUGURAÇÕES, BANNER APP, BRINDES NA COMPRA | 1%"
"1";"1";"Base JBP e acordos comerciais.xlsx";"2026-03-13 09:08:13";"31";"STOK";"1";"STOK CENTER/ZAFFARI";"JBP";"NULL";"JANEIRO/25 À DEZEMBRO/25";"2025-01";"2025-12";"2025-01 a 2025-12";"normalizado";"NULL";"NULL";"NULL";"NULL";"NULL";"4";"5";"descricao_investimento";"PERCENTUAL DE INVESTIMENTO TOTAL:";"3%";"3.0000";"%";"NULL";"NULL";"44";"PERCENTUAL DE INVESTIMENTO TOTAL: | 3%"
"2";"1";"Base JBP e acordos comerciais.xlsx";"2026-03-13 09:08:13";"31";"COMERCIAL SERRA";"1";"COMERCIAL SERRA";"PLANO DE NEGÓCIOS";"NULL";"JANEIRO À DEZEMBRO/26";"2026-01";"2026-12";"2026-01 a 2026-12";"normalizado";"NULL";"NULL";"NULL";"NULL";"NULL";"5";"2";"descricao_investimento";"A CADA CARGA COMPRADA, SERÁ PAGO VALOR DE: (MAIS OU MENOS 1.400CX)";"1200";"1200.0000";"CX";"NULL";"NULL";"16";"A CADA CARGA COMPRADA, SERÁ PAGO VALOR DE: (MAIS OU MENOS 1.400CX) | 1200"
"2";"1";"Base JBP e acordos comerciais.xlsx";"2026-03-13 09:08:13";"31";"COMERCIAL SERRA";"1";"COMERCIAL SERRA";"PLANO DE NEGÓCIOS";"NULL";"JANEIRO À DEZEMBRO/26";"2026-01";"2026-12";"2026-01 a 2026-12";"normalizado";"NULL";"NULL";"NULL";"NULL";"NULL";"6";"3";"descricao_investimento";"OBJETIVO TOTAL EM CAIXAS";"9800";"9800.0000";"CX";"NULL";"NULL";"19";"OBJETIVO TOTAL EM CAIXAS | 9800"
"2";"1";"Base JBP e acordos comerciais.xlsx";"2026-03-13 09:08:13";"31";"COMERCIAL SERRA";"1";"COMERCIAL SERRA";"PLANO DE NEGÓCIOS";"NULL";"JANEIRO À DEZEMBRO/26";"2026-01";"2026-12";"2026-01 a 2026-12";"normalizado";"NULL";"NULL";"NULL";"NULL";"NULL";"7";"4";"descricao_investimento";"PERCENTUAL DE INVESTIMENTO: OBJETIVO LAVA ROUPAS E AMAC. CONCENTRADO";"1%";"1.0000";"%";"NULL";"NULL";"22";"PERCENTUAL DE INVESTIMENTO: OBJETIVO LAVA ROUPAS E AMAC. CONCENTRADO | 1%"
"2";"1";"Base JBP e acordos comerciais.xlsx";"2026-03-13 09:08:13";"31";"COMERCIAL SERRA";"1";"COMERCIAL SERRA";"PLANO DE NEGÓCIOS";"NULL";"JANEIRO À DEZEMBRO/26";"2026-01";"2026-12";"2026-01 a 2026-12";"normalizado";"NULL";"NULL";"NULL";"NULL";"NULL";"8";"5";"descricao_investimento";"GATILHO ADICIONAL PARA VOLUME TOTAL:";"1%";"1.0000";"%";"NULL";"NULL";"25";"GATILHO ADICIONAL PARA VOLUME TOTAL: | 1%"
"2";"1";"Base JBP e acordos comerciais.xlsx";"2026-03-13 09:08:13";"31";"COMERCIAL SERRA";"1";"COMERCIAL SERRA";"PLANO DE NEGÓCIOS";"NULL";"JANEIRO À DEZEMBRO/26";"2026-01";"2026-12";"2026-01 a 2026-12";"normalizado";"NULL";"NULL";"NULL";"NULL";"NULL";"9";"6";"descricao_investimento";"SE O VOLUME AO FINAL DO PLANO FOR 9.800CX, CLIENTE GANHARÁ 1% SOBRE A COMPRA TOTAL DO ANO";"NULL";"NULL";"%";"NULL";"NULL";"26";"SE O VOLUME AO FINAL DO PLANO FOR 9.800CX, CLIENTE GANHARÁ 1% SOBRE A COMPRA TOTAL DO ANO"
"3";"1";"Base JBP e acordos comerciais.xlsx";"2026-03-13 09:08:13";"31";"RAGAN";"1";"RAGAN";"PLANO DE INTRODUÇÃO";"NULL";"NULL";"NULL";"NULL";"NULL";"NULL";"NULL";"NULL";"NULL";"NULL";"NULL";"10";"2";"descricao_investimento";"VALOR DE INVESTIMENTO:";"6000";"6000.0000";"NULL";"NULL";"NULL";"27";"VALOR DE INVESTIMENTO: | 6000"
"3";"1";"Base JBP e acordos comerciais.xlsx";"2026-03-13 09:08:13";"31";"RAGAN";"1";"RAGAN";"PLANO DE INTRODUÇÃO";"NULL";"NULL";"NULL";"NULL";"NULL";"NULL";"NULL";"NULL";"NULL";"NULL";"NULL";"11";"3";"descricao_investimento";"FORMA DE PAGAMENTO:";"Obs: mínimo 5 parcelas";"NULL";"NULL";"NULL";"NULL";"30";"FORMA DE PAGAMENTO: | DEPÓSITO EM CONTA - 5 PARCELAS (R$ 1.200,00) - Mediante a entrada de pedido | Obs: mínimo 5 parcelas"
"4";"1";"Base JBP e acordos comerciais.xlsx";"2026-03-13 09:08:13";"31";"MASTER";"1";"MASTER ATS";"PLANO DE NEGÓCIOS";"NULL";"MARÇO À DEZEMBRO/26";"2026-03";"2026-12";"2026-03 a 2026-12";"normalizado";"NULL";"NULL";"NULL";"NULL";"NULL";"12";"2";"descricao_investimento";"VALOR DE INVESTIMENTO TOTAL:";"30000";"30000.0000";"NULL";"NULL";"NULL";"35";"VALOR DE INVESTIMENTO TOTAL: | 30000"
"4";"1";"Base JBP e acordos comerciais.xlsx";"2026-03-13 09:08:13";"31";"MASTER";"1";"MASTER ATS";"PLANO DE NEGÓCIOS";"NULL";"MARÇO À DEZEMBRO/26";"2026-03";"2026-12";"2026-03 a 2026-12";"normalizado";"NULL";"NULL";"NULL";"NULL";"NULL";"13";"3";"descricao_investimento";"FORMA DE PAGAMENTO:";"PAGO EM 10x DE R$ 3.000,00";"NULL";"BRL";"NULL";"NULL";"38";"FORMA DE PAGAMENTO: | PAGO EM 10x DE R$ 3.000,00"
"5";"1";"Base JBP e acordos comerciais.xlsx";"2026-03-13 09:08:13";"31";"ITALO";"1";"ITALO SUPERMERCADOS";"PLANO DE INTRODUÇÃO";"NULL";"NULL";"NULL";"NULL";"NULL";"NULL";"NULL";"NULL";"NULL";"NULL";"NULL";"14";"2";"descricao_investimento";"VALOR DE INVESTIMENTO";"NULL";"NULL";"NULL";"NULL";"NULL";"16";"VALOR DE INVESTIMENTO:"
"5";"1";"Base JBP e acordos comerciais.xlsx";"2026-03-13 09:08:13";"31";"ITALO";"1";"ITALO SUPERMERCADOS";"PLANO DE INTRODUÇÃO";"NULL";"NULL";"NULL";"NULL";"NULL";"NULL";"NULL";"NULL";"NULL";"NULL";"NULL";"15";"3";"descricao_investimento";"FORMA DE PAGAMENTO";"NULL";"NULL";"NULL";"NULL";"NULL";"19";"FORMA DE PAGAMENTO:"
"6";"1";"Base JBP e acordos comerciais.xlsx";"2026-03-13 09:08:13";"31";"ITALO";"2";"ITALO SUPERMERCADOS LTDA";"PLANO DE INTRODUÇÃO";"NULL";"NULL";"NULL";"NULL";"NULL";"NULL";"NULL";"NULL";"NULL";"NULL";"NULL";"16";"2";"descricao_investimento";"VALOR DE INVESTIMENTO:";"12000";"12000.0000";"NULL";"NULL";"NULL";"27";"VALOR DE INVESTIMENTO: | 12000"
"6";"1";"Base JBP e acordos comerciais.xlsx";"2026-03-13 09:08:13";"31";"ITALO";"2";"ITALO SUPERMERCADOS LTDA";"PLANO DE INTRODUÇÃO";"NULL";"NULL";"NULL";"NULL";"NULL";"NULL";"NULL";"NULL";"NULL";"NULL";"NULL";"17";"3";"descricao_investimento";"FORMA DE PAGAMENTO:";"6 Parcelas de R$ 2.000";"NULL";"BRL";"NULL";"NULL";"30";"FORMA DE PAGAMENTO: | 6 Parcelas de R$ 2.000"
"7";"1";"Base JBP e acordos comerciais.xlsx";"2026-03-13 09:08:13";"31";"IRMAOS ZAT";"1";"IRMÃOS ZAT LTDA";"PLANO DE NEGÓCIOS";"NULL";"JANEIRO À DEZEMBRO/26";"2026-01";"2026-12";"2026-01 a 2026-12";"normalizado";"NULL";"NULL";"NULL";"NULL";"NULL";"18";"2";"descricao_investimento";"PERCENTUAL DE INVESTIMENTO MENSAL (Contrapartidas Ações)";"1,5%";"1.5000";"%";"NULL";"NULL";"34";"PERCENTUAL DE INVESTIMENTO MENSAL (Contrapartidas Ações) | 1,5%"
"7";"1";"Base JBP e acordos comerciais.xlsx";"2026-03-13 09:08:13";"31";"IRMAOS ZAT";"1";"IRMÃOS ZAT LTDA";"PLANO DE NEGÓCIOS";"NULL";"JANEIRO À DEZEMBRO/26";"2026-01";"2026-12";"2026-01 a 2026-12";"normalizado";"NULL";"NULL";"NULL";"NULL";"NULL";"19";"3";"descricao_investimento";"PERCENTUAL DE INVESTIMENTO JBP";"SE ATINGIR OBJETIVO FAIXA 1: 1,5%";"NULL";"%";"NULL";"NULL";"37";"PERCENTUAL DE INVESTIMENTO JBP | SE ATINGIR OBJETIVO FAIXA 1: 1,5%"
"7";"1";"Base JBP e acordos comerciais.xlsx";"2026-03-13 09:08:13";"31";"IRMAOS ZAT";"1";"IRMÃOS ZAT LTDA";"PLANO DE NEGÓCIOS";"NULL";"JANEIRO À DEZEMBRO/26";"2026-01";"2026-12";"2026-01 a 2026-12";"normalizado";"NULL";"NULL";"NULL";"NULL";"NULL";"20";"4";"descricao_investimento";"SE ATINGIR OBJETIVO FAIXA 2";"2,5%";"2.5000";"%";"NULL";"NULL";"38";"SE ATINGIR OBJETIVO FAIXA 2: 2,5%"
"7";"1";"Base JBP e acordos comerciais.xlsx";"2026-03-13 09:08:13";"31";"IRMAOS ZAT";"1";"IRMÃOS ZAT LTDA";"PLANO DE NEGÓCIOS";"NULL";"JANEIRO À DEZEMBRO/26";"2026-01";"2026-12";"2026-01 a 2026-12";"normalizado";"NULL";"NULL";"NULL";"NULL";"NULL";"21";"5";"descricao_investimento";"INAUGURAÇÃO (Previsto 3 lojas 2026)";"R$ 10.000,00 (por loja)";"NULL";"BRL";"NULL";"NULL";"40";"INAUGURAÇÃO (Previsto 3 lojas 2026) | R$ 10.000,00 (por loja)"
"8";"1";"Base JBP e acordos comerciais.xlsx";"2026-03-13 09:08:13";"31";"GRANDESUL";"1";"GRANDESUL";"PLANO DE NEGÓCIOS";"NULL";"JANEIRO À DEZEMBRO/26";"2026-01";"2026-12";"2026-01 a 2026-12";"normalizado";"NULL";"NULL";"NULL";"NULL";"NULL";"22";"2";"descricao_investimento";"PERCENTUAL DE INVESTIMENTO MENSAL TOTAL:";"3%";"3.0000";"%";"NULL";"NULL";"38";"PERCENTUAL DE INVESTIMENTO MENSAL TOTAL: | 3%"
"9";"1";"Base JBP e acordos comerciais.xlsx";"2026-03-13 09:08:13";"31";"TISCHLER";"1";"TISCHLER";"PLANO DE NEGÓCIOS";"NULL";"JANEIRO À DEZEMBRO/26";"2026-01";"2026-12";"2026-01 a 2026-12";"normalizado";"NULL";"NULL";"NULL";"NULL";"NULL";"23";"2";"descricao_investimento";"INVESTIMENTO MENSAL TOTAL:";"9600";"9600.0000";"NULL";"NULL";"NULL";"44";"INVESTIMENTO MENSAL TOTAL: | 9600"
"10";"1";"Base JBP e acordos comerciais.xlsx";"2026-03-13 09:08:13";"31";"REDE VIVO";"1";"REDE VIVO";"PLANO DE NEGÓCIOS";"NULL";"SETEMBRO/25 À FEVEREIRO/26";"2025-09";"2026-02";"2025-09 a 2026-02";"normalizado";"NULL";"NULL";"NULL";"NULL";"NULL";"24";"2";"descricao_investimento";"PERCENTUAL DE INVESTIMENTO:";"3%";"3.0000";"%";"NULL";"NULL";"47";"PERCENTUAL DE INVESTIMENTO: | 3%"
"10";"1";"Base JBP e acordos comerciais.xlsx";"2026-03-13 09:08:13";"31";"REDE VIVO";"1";"REDE VIVO";"PLANO DE NEGÓCIOS";"NULL";"SETEMBRO/25 À FEVEREIRO/26";"2025-09";"2026-02";"2025-09 a 2026-02";"normalizado";"NULL";"NULL";"NULL";"NULL";"NULL";"25";"3";"descricao_investimento";"FORMA DE PAGAMENTO";"DEPÓSITO EM CONTA (INFORMAR CONTA)";"NULL";"NULL";"NULL";"NULL";"50";"FORMA DE PAGAMENTO: DEPÓSITO EM CONTA (INFORMAR CONTA)"
"11";"1";"Base JBP e acordos comerciais.xlsx";"2026-03-13 09:08:13";"31";"MUNDIALMIX";"1";"MUNDIALMIX - BRASIL/IMPERATRIZ";"JBP";"NULL";"JANEIRO À DEZEMBRO/26";"2026-01";"2026-12";"2026-01 a 2026-12";"normalizado";"NULL";"NULL";"NULL";"NULL";"NULL";"26";"2";"descricao_investimento";"INVESTIMENTO DESCONTO EM PREÇOS";"MÉDIA MENSAL R$ 40.000,00";"NULL";"BRL";"NULL";"NULL";"35";"INVESTIMENTO DESCONTO EM PREÇOS | MÉDIA MENSAL R$ 40.000,00"
"11";"1";"Base JBP e acordos comerciais.xlsx";"2026-03-13 09:08:13";"31";"MUNDIALMIX";"1";"MUNDIALMIX - BRASIL/IMPERATRIZ";"JBP";"NULL";"JANEIRO À DEZEMBRO/26";"2026-01";"2026-12";"2026-01 a 2026-12";"normalizado";"NULL";"NULL";"NULL";"NULL";"NULL";"27";"3";"descricao_investimento";"INVESTIMENTO PONTA DE GONDOLA (Brasil 05/ 09/25/26/1 lateral 34 ) (Imperatriz03/22/37) (Jan/26)";"R$ 15.000,00 | R$ 15.000,00 (TOTAL)";"NULL";"BRL";"NULL";"NULL";"38";"INVESTIMENTO PONTA DE GONDOLA (Brasil 05/ 09/25/26/1 lateral 34 ) (Imperatriz03/22/37) (Jan/26) | R$ 15.000,00 | R$ 15.000,00 (TOTAL)"
"11";"1";"Base JBP e acordos comerciais.xlsx";"2026-03-13 09:08:13";"31";"MUNDIALMIX";"1";"MUNDIALMIX - BRASIL/IMPERATRIZ";"JBP";"NULL";"JANEIRO À DEZEMBRO/26";"2026-01";"2026-12";"2026-01 a 2026-12";"normalizado";"NULL";"NULL";"NULL";"NULL";"NULL";"28";"4";"descricao_investimento";"INVESTIMENTO BRASIL LÂMINA VIRTUAL MENSAL (FEV/26 A DEZ/26)";"R$ 10.000,00 CADA (POR MÊS) | R$ 110.000,00 (TOTAL ANO)";"NULL";"BRL";"NULL";"NULL";"41";"INVESTIMENTO BRASIL LÂMINA VIRTUAL MENSAL (FEV/26 A DEZ/26) | R$ 10.000,00 CADA (POR MÊS) | R$ 110.000,00 (TOTAL ANO)"
"11";"1";"Base JBP e acordos comerciais.xlsx";"2026-03-13 09:08:13";"31";"MUNDIALMIX";"1";"MUNDIALMIX - BRASIL/IMPERATRIZ";"JBP";"NULL";"JANEIRO À DEZEMBRO/26";"2026-01";"2026-12";"2026-01 a 2026-12";"normalizado";"NULL";"NULL";"NULL";"NULL";"NULL";"29";"5";"descricao_investimento";"INVESTIMENTO BRASIL PONTA DE GÔNDOLA (Ingleses 09 | Palhoça 264) (FEV/26 A DEZ/26)";"R$ 6.000,00 (POR MÊS) | R$ 66.000,00 (TOTAL ANO)";"NULL";"BRL";"NULL";"NULL";"44";"INVESTIMENTO BRASIL PONTA DE GÔNDOLA (Ingleses 09 | Palhoça 264) (FEV/26 A DEZ/26) | R$ 6.000,00 (POR MÊS) | R$ 66.000,00 (TOTAL ANO)"
"11";"1";"Base JBP e acordos comerciais.xlsx";"2026-03-13 09:08:13";"31";"MUNDIALMIX";"1";"MUNDIALMIX - BRASIL/IMPERATRIZ";"JBP";"NULL";"JANEIRO À DEZEMBRO/26";"2026-01";"2026-12";"2026-01 a 2026-12";"normalizado";"NULL";"NULL";"NULL";"NULL";"NULL";"30";"6";"descricao_investimento";"INVESTIMENTO IMPERATRIZ LÂMINA VIRTUAL MENSAL (FEV/26 A DEZ/26)";"R$ 6.000,00 (POR MÊS) | R$ 66.000,00 (TOTAL ANO)";"NULL";"BRL";"NULL";"NULL";"47";"INVESTIMENTO IMPERATRIZ LÂMINA VIRTUAL MENSAL (FEV/26 A DEZ/26) | R$ 6.000,00 (POR MÊS) | R$ 66.000,00 (TOTAL ANO)"
"11";"1";"Base JBP e acordos comerciais.xlsx";"2026-03-13 09:08:13";"31";"MUNDIALMIX";"1";"MUNDIALMIX - BRASIL/IMPERATRIZ";"JBP";"NULL";"JANEIRO À DEZEMBRO/26";"2026-01";"2026-12";"2026-01 a 2026-12";"normalizado";"NULL";"NULL";"NULL";"NULL";"NULL";"31";"7";"descricao_investimento";"INVESTIMENTO ADICIONAL REF CATEGORIAS (OBJETIVO RODAPÉ)";"0,5% SOBRE COMPRA POR TRIMESTRE (EM MÉDIA R$ 4.000,00 MÊS | R$ 48.000 ANO SE ATINGIR OBJETIVO)";"NULL";"BRL";"NULL";"NULL";"50";"INVESTIMENTO ADICIONAL REF CATEGORIAS (OBJETIVO RODAPÉ) | 0,5% SOBRE COMPRA POR TRIMESTRE (EM MÉDIA R$ 4.000,00 MÊS | R$ 48.000 ANO SE ATINGIR OBJETIVO)"
"11";"1";"Base JBP e acordos comerciais.xlsx";"2026-03-13 09:08:13";"31";"MUNDIALMIX";"1";"MUNDIALMIX - BRASIL/IMPERATRIZ";"JBP";"NULL";"JANEIRO À DEZEMBRO/26";"2026-01";"2026-12";"2026-01 a 2026-12";"normalizado";"NULL";"NULL";"NULL";"NULL";"NULL";"32";"8";"descricao_investimento";"INVESTIMENTO ABASTECIMENTO";"R$ 22.070,00(MENSAL) | R$ 264.840,00 (TOTAL ANO)";"NULL";"BRL";"NULL";"NULL";"53";"INVESTIMENTO ABASTECIMENTO | R$ 22.070,00(MENSAL) | R$ 264.840,00 (TOTAL ANO)"
"12";"1";"Base JBP e acordos comerciais.xlsx";"2026-03-13 09:08:13";"31";"UNIDASUL";"1";"UNIDASUL";"PLANO DE NEGÓCIOS";"NULL";"SETEMBRO À DEZEMBRO";"NULL";"NULL";"SETEMBRO À DEZEMBRO";"nao_interpretado";"NULL";"NULL";"NULL";"NULL";"NULL";"33";"2";"descricao_investimento";"VALO DE INVESTIMENTO TOTAL";"R$ 40.000,00 (PAGOS EM 4 PARCELAS R$ 10.000)";"NULL";"BRL";"NULL";"NULL";"43";"VALO DE INVESTIMENTO TOTAL | R$ 40.000,00 (PAGOS EM 4 PARCELAS R$ 10.000)"
"12";"1";"Base JBP e acordos comerciais.xlsx";"2026-03-13 09:08:13";"31";"UNIDASUL";"1";"UNIDASUL";"PLANO DE NEGÓCIOS";"NULL";"SETEMBRO À DEZEMBRO";"NULL";"NULL";"SETEMBRO À DEZEMBRO";"nao_interpretado";"NULL";"NULL";"NULL";"NULL";"NULL";"34";"3";"descricao_investimento";"FORMA DE PAGAMENTO: DEPÓSITO EM CONTA (INFORMAR CONTA)";"DEPÓSITO EM CONTA";"NULL";"NULL";"NULL";"NULL";"46";"FORMA DE PAGAMENTO: DEPÓSITO EM CONTA (INFORMAR CONTA) | DEPÓSITO EM CONTA"
"13";"1";"Base JBP e acordos comerciais.xlsx";"2026-03-13 09:08:13";"31";"SDB COM";"1";"SDB COM. - FORT ATACADISTA";"PLANO DE NEGÓCIOS";"NULL";"JANEIRO À MARÇO/26";"2026-01";"2026-03";"2026-01 a 2026-03";"normalizado";"NULL";"NULL";"NULL";"NULL";"NULL";"35";"2";"descricao_investimento";"PERCENTUAL DE INVESTIMENTO MENSAL TOTAL:";"5%";"5.0000";"%";"NULL";"NULL";"44";"PERCENTUAL DE INVESTIMENTO MENSAL TOTAL: | 5%"
"13";"1";"Base JBP e acordos comerciais.xlsx";"2026-03-13 09:08:13";"31";"SDB COM";"1";"SDB COM. - FORT ATACADISTA";"PLANO DE NEGÓCIOS";"NULL";"JANEIRO À MARÇO/26";"2026-01";"2026-03";"2026-01 a 2026-03";"normalizado";"NULL";"NULL";"NULL";"NULL";"NULL";"36";"3";"descricao_investimento";"PERCENTUAL DE INVESTIMENTO: OBJETIVO LAVA ROUPAS E DESINFETANTE";"3%";"3.0000";"%";"NULL";"NULL";"47";"PERCENTUAL DE INVESTIMENTO: OBJETIVO LAVA ROUPAS E DESINFETANTE | 3%"
"13";"1";"Base JBP e acordos comerciais.xlsx";"2026-03-13 09:08:13";"31";"SDB COM";"1";"SDB COM. - FORT ATACADISTA";"PLANO DE NEGÓCIOS";"NULL";"JANEIRO À MARÇO/26";"2026-01";"2026-03";"2026-01 a 2026-03";"normalizado";"NULL";"NULL";"NULL";"NULL";"NULL";"37";"4";"descricao_investimento";"PERCENTUAL DE INVESTIMENTO: VOLUME GLOBAL";"1%";"1.0000";"%";"NULL";"NULL";"50";"PERCENTUAL DE INVESTIMENTO: VOLUME GLOBAL | 1%"
"13";"1";"Base JBP e acordos comerciais.xlsx";"2026-03-13 09:08:13";"31";"SDB COM";"1";"SDB COM. - FORT ATACADISTA";"PLANO DE NEGÓCIOS";"NULL";"JANEIRO À MARÇO/26";"2026-01";"2026-03";"2026-01 a 2026-03";"normalizado";"NULL";"NULL";"NULL";"NULL";"NULL";"38";"5";"descricao_investimento";"PERCENTUAL DE INVESTIMENTO CALENDÁRIO AÇÕES (FOTOS)";"1%";"1.0000";"%";"NULL";"NULL";"53";"PERCENTUAL DE INVESTIMENTO CALENDÁRIO AÇÕES (FOTOS) | 1%"
"14";"1";"Base JBP e acordos comerciais.xlsx";"2026-03-13 09:08:13";"31";"CENTERMASTERSUL";"1";"CENTERMASTERSUL";"PLANO DE NEGÓCIOS";"NULL";"JANEIRO À DEZEMBRO/26";"2026-01";"2026-12";"2026-01 a 2026-12";"normalizado";"NULL";"NULL";"NULL";"NULL";"NULL";"39";"2";"descricao_investimento";"VALOR TOTAL DE INVESTIMENTO: VOLUME GLOBAL E AÇÕES";"R$ 5.400,00 (R$ 450 POR MÊS)";"NULL";"BRL";"NULL";"NULL";"38";"VALOR TOTAL DE INVESTIMENTO: VOLUME GLOBAL E AÇÕES | R$ 5.400,00 (R$ 450 POR MÊS)"
"14";"1";"Base JBP e acordos comerciais.xlsx";"2026-03-13 09:08:13";"31";"CENTERMASTERSUL";"1";"CENTERMASTERSUL";"PLANO DE NEGÓCIOS";"NULL";"JANEIRO À DEZEMBRO/26";"2026-01";"2026-12";"2026-01 a 2026-12";"normalizado";"NULL";"NULL";"NULL";"NULL";"NULL";"40";"3";"descricao_investimento";"PERCENTUAL DE INVESTIMENTO: OBJETIVO LAVA ROUPAS E AMAC. CONCENTRADO";"1%";"1.0000";"%";"NULL";"NULL";"41";"PERCENTUAL DE INVESTIMENTO: OBJETIVO LAVA ROUPAS E AMAC. CONCENTRADO | 1%"
"15";"1";"Base JBP e acordos comerciais.xlsx";"2026-03-13 09:08:13";"31";"MYATA";"1";"SUPERMERCADO MYATA";"PLANO DE NEGÓCIOS";"NULL";"JANEIRO A DEZEMBRO/2026";"2026-01";"2026-12";"2026-01 a 2026-12";"normalizado";"NULL";"NULL";"NULL";"NULL";"NULL";"41";"2";"descricao_investimento";"INVESTIMENTO PLANO DE TRADE ANUAL:";"20516.64";"20516.6400";"NULL";"NULL";"NULL";"32";"INVESTIMENTO PLANO DE TRADE ANUAL: | 20516.64"
"15";"1";"Base JBP e acordos comerciais.xlsx";"2026-03-13 09:08:13";"31";"MYATA";"1";"SUPERMERCADO MYATA";"PLANO DE NEGÓCIOS";"NULL";"JANEIRO A DEZEMBRO/2026";"2026-01";"2026-12";"2026-01 a 2026-12";"normalizado";"NULL";"NULL";"NULL";"NULL";"NULL";"42";"3";"descricao_investimento";"FORMA DE PAGAMENTO: DEPÓSITO EM CONTA";"Pagos em 12 parcelas de R$ 1.709,72";"NULL";"BRL";"NULL";"NULL";"35";"FORMA DE PAGAMENTO: DEPÓSITO EM CONTA | Pagos em 12 parcelas de R$ 1.709,72"
"16";"1";"Base JBP e acordos comerciais.xlsx";"2026-03-13 09:08:13";"31";"PASSARELA CENTER";"1";"PASSARELA CENTER";"JBP";"NULL";"JANEIRO À DEZEMBRO/26";"2026-01";"2026-12";"2026-01 a 2026-12";"normalizado";"NULL";"NULL";"NULL";"NULL";"NULL";"43";"2";"descricao_investimento";"INAUGURAÇÕES E ANIVERSÁRIOS 2026 - 6 INAUGURAÇÕES (2 FOTOS POR LOJA INAUGURADA)- R$ 20.000,00 CADA";"120000";"120000.0000";"BRL";"NULL";"NULL";"30";"INAUGURAÇÕES E ANIVERSÁRIOS 2026 - 6 INAUGURAÇÕES (2 FOTOS POR LOJA INAUGURADA)- R$ 20.000,00 CADA | 120000"
"16";"1";"Base JBP e acordos comerciais.xlsx";"2026-03-13 09:08:13";"31";"PASSARELA CENTER";"1";"PASSARELA CENTER";"JBP";"NULL";"JANEIRO À DEZEMBRO/26";"2026-01";"2026-12";"2026-01 a 2026-12";"normalizado";"NULL";"NULL";"NULL";"NULL";"NULL";"44";"3";"descricao_investimento";"PLANO DE MIDIA, NOVOS CADASTROS E LIBERAÇÕES - R$ 16.666,00 P/ MÊS :";"200000";"200000.0000";"BRL";"NULL";"NULL";"33";"PLANO DE MIDIA, NOVOS CADASTROS E LIBERAÇÕES - R$ 16.666,00 P/ MÊS : | 200000"
"16";"1";"Base JBP e acordos comerciais.xlsx";"2026-03-13 09:08:13";"31";"PASSARELA CENTER";"1";"PASSARELA CENTER";"JBP";"NULL";"JANEIRO À DEZEMBRO/26";"2026-01";"2026-12";"2026-01 a 2026-12";"normalizado";"NULL";"NULL";"NULL";"NULL";"NULL";"45";"4";"descricao_investimento";"PLANO DE CRESCIMENTO (15%)*:";"391000";"391000.0000";"%";"NULL";"NULL";"36";"PLANO DE CRESCIMENTO (15%)*: | 391000"
"16";"1";"Base JBP e acordos comerciais.xlsx";"2026-03-13 09:08:13";"31";"PASSARELA CENTER";"1";"PASSARELA CENTER";"JBP";"NULL";"JANEIRO À DEZEMBRO/26";"2026-01";"2026-12";"2026-01 a 2026-12";"normalizado";"NULL";"NULL";"NULL";"NULL";"NULL";"46";"5";"descricao_investimento";"TOTAL";"711000";"711000.0000";"NULL";"NULL";"NULL";"40";"TOTAL | 711000"
"16";"1";"Base JBP e acordos comerciais.xlsx";"2026-03-13 09:08:13";"31";"PASSARELA CENTER";"1";"PASSARELA CENTER";"JBP";"NULL";"JANEIRO À DEZEMBRO/26";"2026-01";"2026-12";"2026-01 a 2026-12";"normalizado";"NULL";"NULL";"NULL";"NULL";"NULL";"47";"6";"descricao_investimento";"PLANO DE CRESCIMENTO 2026 - EM VALOR*";"NULL";"NULL";"NULL";"NULL";"NULL";"45";"PLANO DE CRESCIMENTO 2026 - EM VALOR*"
"16";"1";"Base JBP e acordos comerciais.xlsx";"2026-03-13 09:08:13";"31";"PASSARELA CENTER";"1";"PASSARELA CENTER";"JBP";"NULL";"JANEIRO À DEZEMBRO/26";"2026-01";"2026-12";"2026-01 a 2026-12";"normalizado";"NULL";"NULL";"NULL";"NULL";"NULL";"48";"7";"descricao_investimento";"ATINGIMENTO";"% INVESTIMENTO";"NULL";"%";"NULL";"NULL";"46";"ATINGIMENTO | % INVESTIMENTO"
"16";"1";"Base JBP e acordos comerciais.xlsx";"2026-03-13 09:08:13";"31";"PASSARELA CENTER";"1";"PASSARELA CENTER";"JBP";"NULL";"JANEIRO À DEZEMBRO/26";"2026-01";"2026-12";"2026-01 a 2026-12";"normalizado";"NULL";"NULL";"NULL";"NULL";"NULL";"49";"8";"descricao_investimento";"CRESCIMENTO VALOR";"1,5%";"1.5000";"%";"NULL";"NULL";"47";"CRESCIMENTO VALOR | 5% | 1,5%"
"16";"1";"Base JBP e acordos comerciais.xlsx";"2026-03-13 09:08:13";"31";"PASSARELA CENTER";"1";"PASSARELA CENTER";"JBP";"NULL";"JANEIRO À DEZEMBRO/26";"2026-01";"2026-12";"2026-01 a 2026-12";"normalizado";"NULL";"NULL";"NULL";"NULL";"NULL";"50";"9";"descricao_investimento";"CRESCIMENTO VALOR";"2,0%";"2.0000";"%";"NULL";"NULL";"48";"CRESCIMENTO VALOR | 10% | 2,0%"
"16";"1";"Base JBP e acordos comerciais.xlsx";"2026-03-13 09:08:13";"31";"PASSARELA CENTER";"1";"PASSARELA CENTER";"JBP";"NULL";"JANEIRO À DEZEMBRO/26";"2026-01";"2026-12";"2026-01 a 2026-12";"normalizado";"NULL";"NULL";"NULL";"NULL";"NULL";"51";"10";"descricao_investimento";"CRESCIMENTO VALOR";"2,5%";"2.5000";"%";"NULL";"NULL";"49";"CRESCIMENTO VALOR | 15% | 2,5%"
"16";"1";"Base JBP e acordos comerciais.xlsx";"2026-03-13 09:08:13";"31";"PASSARELA CENTER";"1";"PASSARELA CENTER";"JBP";"NULL";"JANEIRO À DEZEMBRO/26";"2026-01";"2026-12";"2026-01 a 2026-12";"normalizado";"NULL";"NULL";"NULL";"NULL";"NULL";"52";"1";"descricao_investimento_compacto";"CRESCIMENTO VALOR";"5%";"5.0000";"%";"1,5%";"esquerda";"47";"CRESCIMENTO VALOR | 5% | 1,5%"
"16";"1";"Base JBP e acordos comerciais.xlsx";"2026-03-13 09:08:13";"31";"PASSARELA CENTER";"1";"PASSARELA CENTER";"JBP";"NULL";"JANEIRO À DEZEMBRO/26";"2026-01";"2026-12";"2026-01 a 2026-12";"normalizado";"NULL";"NULL";"NULL";"NULL";"NULL";"53";"2";"descricao_investimento_compacto";"CRESCIMENTO VALOR";"10%";"10.0000";"%";"2,0%";"esquerda";"48";"CRESCIMENTO VALOR | 10% | 2,0%"
"16";"1";"Base JBP e acordos comerciais.xlsx";"2026-03-13 09:08:13";"31";"PASSARELA CENTER";"1";"PASSARELA CENTER";"JBP";"NULL";"JANEIRO À DEZEMBRO/26";"2026-01";"2026-12";"2026-01 a 2026-12";"normalizado";"NULL";"NULL";"NULL";"NULL";"NULL";"54";"3";"descricao_investimento_compacto";"CRESCIMENTO VALOR";"15%";"15.0000";"%";"2,5%";"esquerda";"49";"CRESCIMENTO VALOR | 15% | 2,5%"
"17";"1";"Base JBP e acordos comerciais.xlsx";"2026-03-13 09:08:13";"31";"GUANABARA";"1";"GUANABARA";"PLANO DE NEGÓCIOS";"NULL";"JANEIRO À DEZEMBRO/26";"2026-01";"2026-12";"2026-01 a 2026-12";"normalizado";"NULL";"NULL";"NULL";"NULL";"NULL";"55";"2";"descricao_investimento";"PERCENTUAL DE INVESTIMENTO TOTAL:";"4%";"4.0000";"%";"NULL";"NULL";"47";"PERCENTUAL DE INVESTIMENTO TOTAL: | 4%"
"17";"1";"Base JBP e acordos comerciais.xlsx";"2026-03-13 09:08:13";"31";"GUANABARA";"1";"GUANABARA";"PLANO DE NEGÓCIOS";"NULL";"JANEIRO À DEZEMBRO/26";"2026-01";"2026-12";"2026-01 a 2026-12";"normalizado";"NULL";"NULL";"NULL";"NULL";"NULL";"56";"3";"descricao_investimento";"PERCENTUAL DE INVESTIMENTO: VOLUME GLOBAL";"2%";"2.0000";"%";"NULL";"NULL";"51";"PERCENTUAL DE INVESTIMENTO: VOLUME GLOBAL | 2%"
"17";"1";"Base JBP e acordos comerciais.xlsx";"2026-03-13 09:08:13";"31";"GUANABARA";"1";"GUANABARA";"PLANO DE NEGÓCIOS";"NULL";"JANEIRO À DEZEMBRO/26";"2026-01";"2026-12";"2026-01 a 2026-12";"normalizado";"NULL";"NULL";"NULL";"NULL";"NULL";"57";"4";"descricao_investimento";"PERCENTUAL DE INVESTIMENTO: AÇÕES";"1%";"1.0000";"%";"NULL";"NULL";"53";"PERCENTUAL DE INVESTIMENTO: AÇÕES | 1%"
"17";"1";"Base JBP e acordos comerciais.xlsx";"2026-03-13 09:08:13";"31";"GUANABARA";"1";"GUANABARA";"PLANO DE NEGÓCIOS";"NULL";"JANEIRO À DEZEMBRO/26";"2026-01";"2026-12";"2026-01 a 2026-12";"normalizado";"NULL";"NULL";"NULL";"NULL";"NULL";"58";"5";"descricao_investimento";"PERCENTUAL DE INVESTIMENTO: OBJETIVO NORTEADOR LAVA ROUPAS E AMAC. CONCENTRADO";"1%";"1.0000";"%";"NULL";"NULL";"55";"PERCENTUAL DE INVESTIMENTO: OBJETIVO NORTEADOR LAVA ROUPAS E AMAC. CONCENTRADO | 1%"
"18";"1";"Base JBP e acordos comerciais.xlsx";"2026-03-13 09:08:13";"31";"TRINDADE";"1";"TRINDADE E SEHN LTDA";"PLANO DE NEGÓCIOS";"NULL";"JANEIRO À DEZEMBRO/26";"2026-01";"2026-12";"2026-01 a 2026-12";"normalizado";"NULL";"NULL";"NULL";"NULL";"NULL";"59";"2";"descricao_investimento";"PERCENTUAL DE INVESTIMENTO MENSAL TOTAL:";"5%";"5.0000";"%";"NULL";"NULL";"47";"PERCENTUAL DE INVESTIMENTO MENSAL TOTAL: | 5%"
"18";"1";"Base JBP e acordos comerciais.xlsx";"2026-03-13 09:08:13";"31";"TRINDADE";"1";"TRINDADE E SEHN LTDA";"PLANO DE NEGÓCIOS";"NULL";"JANEIRO À DEZEMBRO/26";"2026-01";"2026-12";"2026-01 a 2026-12";"normalizado";"NULL";"NULL";"NULL";"NULL";"NULL";"60";"3";"descricao_investimento";"PERCENTUAL DE INVESTIMENTO: OBJETIVO LAVA ROUPAS E AMAC. CONCENTRADO";"0,5%";"0.5000";"%";"NULL";"NULL";"50";"PERCENTUAL DE INVESTIMENTO: OBJETIVO LAVA ROUPAS E AMAC. CONCENTRADO | 0,5%"
"18";"1";"Base JBP e acordos comerciais.xlsx";"2026-03-13 09:08:13";"31";"TRINDADE";"1";"TRINDADE E SEHN LTDA";"PLANO DE NEGÓCIOS";"NULL";"JANEIRO À DEZEMBRO/26";"2026-01";"2026-12";"2026-01 a 2026-12";"normalizado";"NULL";"NULL";"NULL";"NULL";"NULL";"61";"4";"descricao_investimento";"PERCENTUAL DE INVESTIMENTO: VOLUME GLOBAL E AÇÕES";"4,5%";"4.5000";"%";"NULL";"NULL";"53";"PERCENTUAL DE INVESTIMENTO: VOLUME GLOBAL E AÇÕES | 4,5%"
"19";"1";"Base JBP e acordos comerciais.xlsx";"2026-03-13 09:08:13";"31";"STR";"1";"SINDICATO DOS TRABALHADORES RURAIS DE LAJEADO (STR)";"PLANO DE NEGÓCIOS";"NULL";"JULHO/25 À JUNHO/26";"2025-07";"2026-06";"2025-07 a 2026-06";"normalizado";"NULL";"NULL";"NULL";"NULL";"NULL";"62";"2";"descricao_investimento";"Investimento para meses em que serão feitas 3 fotos de encarte + ponto extra";"R$ 1.250,00 Investimento para meses em que serão feitas 4 fotos de encarte + ponto extra: R$ 1.500,00";"NULL";"BRL";"NULL";"NULL";"41";"Investimento para meses em que serão feitas 3 fotos de encarte + ponto extra: R$ 1.250,00 Investimento para meses em que serão feitas 4 fotos de encarte + ponto extra: R$ 1.500,00"
"20";"1";"Base JBP e acordos comerciais.xlsx";"2026-03-13 09:08:13";"31";"GUARAPARI";"1";"GUARAPARI";"PLANO DE INTRODUÇÃO";"NULL";"OUTUBRO/25 À MARÇO/26";"2025-10";"2026-03";"2025-10 a 2026-03";"normalizado";"NULL";"NULL";"NULL";"NULL";"NULL";"63";"2";"descricao_investimento";"VALO DE INVESTIMENTO TOTAL";"R$ 40.000,00 (PAGOS EM 6 PARCELAS R$ 6.666,66)";"NULL";"BRL";"NULL";"NULL";"43";"VALO DE INVESTIMENTO TOTAL | R$ 40.000,00 (PAGOS EM 6 PARCELAS R$ 6.666,66)"
"20";"1";"Base JBP e acordos comerciais.xlsx";"2026-03-13 09:08:13";"31";"GUARAPARI";"1";"GUARAPARI";"PLANO DE INTRODUÇÃO";"NULL";"OUTUBRO/25 À MARÇO/26";"2025-10";"2026-03";"2025-10 a 2026-03";"normalizado";"NULL";"NULL";"NULL";"NULL";"NULL";"64";"3";"descricao_investimento";"FORMA DE PAGAMENTO: DEPÓSITO EM CONTA (INFORMAR CONTA)";"DEPÓSITO EM CONTA";"NULL";"NULL";"NULL";"NULL";"46";"FORMA DE PAGAMENTO: DEPÓSITO EM CONTA (INFORMAR CONTA) | DEPÓSITO EM CONTA"
"21";"1";"Base JBP e acordos comerciais.xlsx";"2026-03-13 09:08:13";"31";"ROXO";"1";"ROXO";"PLANO DE NEGÓCIOS";"NULL";"JANEIRO À DEZEMBRO/26";"2026-01";"2026-12";"2026-01 a 2026-12";"normalizado";"NULL";"NULL";"NULL";"NULL";"NULL";"65";"2";"descricao_investimento";"PERCENTUAL DE INVESTIMENTO MENSAL TOTAL:";"4%";"4.0000";"%";"NULL";"NULL";"41";"PERCENTUAL DE INVESTIMENTO MENSAL TOTAL: | 4%"
"21";"1";"Base JBP e acordos comerciais.xlsx";"2026-03-13 09:08:13";"31";"ROXO";"1";"ROXO";"PLANO DE NEGÓCIOS";"NULL";"JANEIRO À DEZEMBRO/26";"2026-01";"2026-12";"2026-01 a 2026-12";"normalizado";"NULL";"NULL";"NULL";"NULL";"NULL";"66";"3";"descricao_investimento";"PERCENTUAL DE INVESTIMENTO: OBJETIVO LAVA ROUPAS E AMAC. CONCENTRADO";"1%";"1.0000";"%";"NULL";"NULL";"44";"PERCENTUAL DE INVESTIMENTO: OBJETIVO LAVA ROUPAS E AMAC. CONCENTRADO | 1%"
"21";"1";"Base JBP e acordos comerciais.xlsx";"2026-03-13 09:08:13";"31";"ROXO";"1";"ROXO";"PLANO DE NEGÓCIOS";"NULL";"JANEIRO À DEZEMBRO/26";"2026-01";"2026-12";"2026-01 a 2026-12";"normalizado";"NULL";"NULL";"NULL";"NULL";"NULL";"67";"4";"descricao_investimento";"PERCENTUAL DE INVESTIMENTO: VOLUME GLOBAL E AÇÕES";"3%";"3.0000";"%";"NULL";"NULL";"47";"PERCENTUAL DE INVESTIMENTO: VOLUME GLOBAL E AÇÕES | 3%"
"22";"1";"Base JBP e acordos comerciais.xlsx";"2026-03-13 09:08:13";"31";"TREICHEL";"1";"TREICHEL";"PLANO DE NEGÓCIOS";"NULL";"JANEIRO À DEZEMBRO/26";"2026-01";"2026-12";"2026-01 a 2026-12";"normalizado";"NULL";"NULL";"NULL";"NULL";"NULL";"68";"2";"descricao_investimento";"PONTA DE GONDOLA JAN À JUNHO";"R$ 4.500,00";"4500.0000";"BRL";"NULL";"NULL";"27";"PONTA DE GONDOLA JAN À JUNHO: R$ 4.500,00"
"22";"1";"Base JBP e acordos comerciais.xlsx";"2026-03-13 09:08:13";"31";"TREICHEL";"1";"TREICHEL";"PLANO DE NEGÓCIOS";"NULL";"JANEIRO À DEZEMBRO/26";"2026-01";"2026-12";"2026-01 a 2026-12";"normalizado";"NULL";"NULL";"NULL";"NULL";"NULL";"69";"3";"descricao_investimento";"PONTA DE GONDOLA JULHO À DEZEMBRO";"R$ 4.500,00";"4500.0000";"BRL";"NULL";"NULL";"30";"PONTA DE GONDOLA JULHO À DEZEMBRO: R$ 4.500,00"
"23";"1";"Base JBP e acordos comerciais.xlsx";"2026-03-13 09:08:13";"31";"JEPSEN";"1";"JEPSEN";"PLANO DE NEGÓCIOS";"NULL";"JANEIRO À DEZEMBRO/26";"2026-01";"2026-12";"2026-01 a 2026-12";"normalizado";"NULL";"NULL";"NULL";"NULL";"NULL";"70";"2";"descricao_investimento";"PERCENTUAL DE INVESTIMENTO MENSAL TOTAL:";"4%";"4.0000";"%";"NULL";"NULL";"44";"PERCENTUAL DE INVESTIMENTO MENSAL TOTAL: | 4%"
"23";"1";"Base JBP e acordos comerciais.xlsx";"2026-03-13 09:08:13";"31";"JEPSEN";"1";"JEPSEN";"PLANO DE NEGÓCIOS";"NULL";"JANEIRO À DEZEMBRO/26";"2026-01";"2026-12";"2026-01 a 2026-12";"normalizado";"NULL";"NULL";"NULL";"NULL";"NULL";"71";"3";"descricao_investimento";"PERCENTUAL DE INVESTIMENTO: OBJETIVO LAVA ROUPAS E AMAC. CONCENTRADO";"1%";"1.0000";"%";"NULL";"NULL";"47";"PERCENTUAL DE INVESTIMENTO: OBJETIVO LAVA ROUPAS E AMAC. CONCENTRADO | 1%"
"23";"1";"Base JBP e acordos comerciais.xlsx";"2026-03-13 09:08:13";"31";"JEPSEN";"1";"JEPSEN";"PLANO DE NEGÓCIOS";"NULL";"JANEIRO À DEZEMBRO/26";"2026-01";"2026-12";"2026-01 a 2026-12";"normalizado";"NULL";"NULL";"NULL";"NULL";"NULL";"72";"4";"descricao_investimento";"PERCENTUAL DE INVESTIMENTO: VOLUME GLOBAL E AÇÕES";"3%";"3.0000";"%";"NULL";"NULL";"50";"PERCENTUAL DE INVESTIMENTO: VOLUME GLOBAL E AÇÕES | 3%"
"24";"1";"Base JBP e acordos comerciais.xlsx";"2026-03-13 09:08:13";"31";"REDE AMMA";"1";"REDE AMMA";"PLANO DE INTRODUÇÃO";"NULL";"NULL";"NULL";"NULL";"NULL";"NULL";"NULL";"NULL";"NULL";"NULL";"NULL";"73";"2";"descricao_investimento";"VALOR DE INVESTIMENTO:";"35000";"35000.0000";"NULL";"NULL";"NULL";"27";"VALOR DE INVESTIMENTO: | 35000"
"24";"1";"Base JBP e acordos comerciais.xlsx";"2026-03-13 09:08:13";"31";"REDE AMMA";"1";"REDE AMMA";"PLANO DE INTRODUÇÃO";"NULL";"NULL";"NULL";"NULL";"NULL";"NULL";"NULL";"NULL";"NULL";"NULL";"NULL";"74";"3";"descricao_investimento";"8 parcelas de R$ 4.375,00";"NULL";"NULL";"BRL";"NULL";"NULL";"29";"8 parcelas de R$ 4.375,00"
"24";"1";"Base JBP e acordos comerciais.xlsx";"2026-03-13 09:08:13";"31";"REDE AMMA";"1";"REDE AMMA";"PLANO DE INTRODUÇÃO";"NULL";"NULL";"NULL";"NULL";"NULL";"NULL";"NULL";"NULL";"NULL";"NULL";"NULL";"75";"4";"descricao_investimento";"PERCENTUAL DE INVESTIMENTO: AÇÕES";"2%";"2.0000";"%";"NULL";"NULL";"31";"PERCENTUAL DE INVESTIMENTO: AÇÕES | 2%"
"25";"1";"Base JBP e acordos comerciais.xlsx";"2026-03-13 09:08:13";"31";"BONATO";"1";"L C BONATO";"PLANO DE NEGÓCIOS";"NULL";"JANEIRO À DEZEMBRO/26";"2026-01";"2026-12";"2026-01 a 2026-12";"normalizado";"NULL";"NULL";"NULL";"NULL";"NULL";"76";"2";"descricao_investimento";"A CADA CARGA COMPRADA, SERÁ PAGO VALOR DE: (MAIS OU MENOS 1.000,00CX)";"1500";"1500.0000";"CX";"NULL";"NULL";"23";"A CADA CARGA COMPRADA, SERÁ PAGO VALOR DE: (MAIS OU MENOS 1.000,00CX) | 1500"
"25";"1";"Base JBP e acordos comerciais.xlsx";"2026-03-13 09:08:13";"31";"BONATO";"1";"L C BONATO";"PLANO DE NEGÓCIOS";"NULL";"JANEIRO À DEZEMBRO/26";"2026-01";"2026-12";"2026-01 a 2026-12";"normalizado";"NULL";"NULL";"NULL";"NULL";"NULL";"77";"3";"descricao_investimento";"PERCENTUAL DE INVESTIMENTO: OBJETIVO LAVA ROUPAS E AMAC. CONCENTRADO";"1%";"1.0000";"%";"NULL";"NULL";"26";"PERCENTUAL DE INVESTIMENTO: OBJETIVO LAVA ROUPAS E AMAC. CONCENTRADO | 1%"
"25";"1";"Base JBP e acordos comerciais.xlsx";"2026-03-13 09:08:13";"31";"BONATO";"1";"L C BONATO";"PLANO DE NEGÓCIOS";"NULL";"JANEIRO À DEZEMBRO/26";"2026-01";"2026-12";"2026-01 a 2026-12";"normalizado";"NULL";"NULL";"NULL";"NULL";"NULL";"78";"4";"descricao_investimento";"GATILHO ADICIONAL PARA VOLUME TOTAL:";"1%";"1.0000";"%";"NULL";"NULL";"29";"GATILHO ADICIONAL PARA VOLUME TOTAL: | 1%"
"25";"1";"Base JBP e acordos comerciais.xlsx";"2026-03-13 09:08:13";"31";"BONATO";"1";"L C BONATO";"PLANO DE NEGÓCIOS";"NULL";"JANEIRO À DEZEMBRO/26";"2026-01";"2026-12";"2026-01 a 2026-12";"normalizado";"NULL";"NULL";"NULL";"NULL";"NULL";"79";"5";"descricao_investimento";"SE O VOLUME TOTAL AO FINAL DO PLANO FOR 12.000CX, CLIENTE GANHARÁ 1% SOBRE A COMPRA TOTAL DO ANO";"NULL";"NULL";"%";"NULL";"NULL";"31";"SE O VOLUME TOTAL AO FINAL DO PLANO FOR 12.000CX, CLIENTE GANHARÁ 1% SOBRE A COMPRA TOTAL DO ANO"
"26";"1";"Base JBP e acordos comerciais.xlsx";"2026-03-13 09:08:13";"31";"STOCK-ARCHER";"1";"STOCK/ARCHER";"PLANO DE NEGÓCIOS";"NULL";"JANEIRO À DEZEMBRO/26";"2026-01";"2026-12";"2026-01 a 2026-12";"normalizado";"NULL";"NULL";"NULL";"NULL";"NULL";"80";"2";"descricao_investimento";"PERCENTUAL DE INVESTIMENTO MESAL TOTAL:";"4%";"4.0000";"%";"NULL";"NULL";"35";"PERCENTUAL DE INVESTIMENTO MESAL TOTAL: | 4%"
"26";"1";"Base JBP e acordos comerciais.xlsx";"2026-03-13 09:08:13";"31";"STOCK-ARCHER";"1";"STOCK/ARCHER";"PLANO DE NEGÓCIOS";"NULL";"JANEIRO À DEZEMBRO/26";"2026-01";"2026-12";"2026-01 a 2026-12";"normalizado";"NULL";"NULL";"NULL";"NULL";"NULL";"81";"3";"descricao_investimento";"% DE INVEST. PARA EXECUÇÃO DAS CONTRAPARTIDAS (FOTOS/PONTA)";"3%";"3.0000";"%";"NULL";"NULL";"38";"% DE INVEST. PARA EXECUÇÃO DAS CONTRAPARTIDAS (FOTOS/PONTA) | 3%"
"26";"1";"Base JBP e acordos comerciais.xlsx";"2026-03-13 09:08:13";"31";"STOCK-ARCHER";"1";"STOCK/ARCHER";"PLANO DE NEGÓCIOS";"NULL";"JANEIRO À DEZEMBRO/26";"2026-01";"2026-12";"2026-01 a 2026-12";"normalizado";"NULL";"NULL";"NULL";"NULL";"NULL";"82";"4";"descricao_investimento";"VALOR DE INVESTIMENTO MENSAL: OBJETIVO LAVA ROUPAS E AMAC. CONCENTRADO";"1%";"1.0000";"%";"NULL";"NULL";"41";"VALOR DE INVESTIMENTO MENSAL: OBJETIVO LAVA ROUPAS E AMAC. CONCENTRADO | 1%"
"27";"1";"Base JBP e acordos comerciais.xlsx";"2026-03-13 09:08:13";"31";"MAXFORT";"1";"MAXFORT ATACADO";"PLANO DE INTRODUÇÃO";"NULL";"NULL";"NULL";"NULL";"NULL";"NULL";"NULL";"NULL";"NULL";"NULL";"NULL";"83";"2";"descricao_investimento";"VALOR DE INVESTIMENTO:";"12500";"12500.0000";"NULL";"NULL";"NULL";"27";"VALOR DE INVESTIMENTO: | 12500"
"27";"1";"Base JBP e acordos comerciais.xlsx";"2026-03-13 09:08:13";"31";"MAXFORT";"1";"MAXFORT ATACADO";"PLANO DE INTRODUÇÃO";"NULL";"NULL";"NULL";"NULL";"NULL";"NULL";"NULL";"NULL";"NULL";"NULL";"NULL";"84";"3";"descricao_investimento";"FORMA DE PAGAMENTO:";"Obs: mínimo 5 parcelas";"NULL";"NULL";"NULL";"NULL";"30";"FORMA DE PAGAMENTO: | PAGOS EM 5 PARCELAS DE R$: 2.500,00 | Obs: mínimo 5 parcelas"
"28";"1";"Base JBP e acordos comerciais.xlsx";"2026-03-13 09:08:13";"31";"GIASSI";"1";"GIASSI";"PLANO DE NEGÓCIOS";"NULL";"JANEIRO À JUNHO/26";"2026-01";"2026-06";"2026-01 a 2026-06";"normalizado";"NULL";"NULL";"NULL";"NULL";"NULL";"85";"2";"descricao_investimento";"VALOR DO INVESTIMENTO TOTAL:";"36000";"36000.0000";"NULL";"NULL";"NULL";"16";"VALOR DO INVESTIMENTO TOTAL: | 36000"
"28";"1";"Base JBP e acordos comerciais.xlsx";"2026-03-13 09:08:13";"31";"GIASSI";"1";"GIASSI";"PLANO DE NEGÓCIOS";"NULL";"JANEIRO À JUNHO/26";"2026-01";"2026-06";"2026-01 a 2026-06";"normalizado";"NULL";"NULL";"NULL";"NULL";"NULL";"86";"3";"descricao_investimento";"FORMA DE PAGAMENTO (DEPÓSITO EM CONTA):";"06 PARCELAS DE R$ 6.000,00";"NULL";"BRL";"NULL";"NULL";"19";"FORMA DE PAGAMENTO (DEPÓSITO EM CONTA): | 06 PARCELAS DE R$ 6.000,00"
"29";"1";"Base JBP e acordos comerciais.xlsx";"2026-03-13 09:08:13";"31";"IMPERIAL";"1";"IMPERIAL SUPERMERCADOS";"PLANO DE NEGÓCIOS";"NULL";"JULHO/25 À DEZ/26";"NULL";"NULL";"JULHO/25 À DEZ/26";"nao_interpretado";"NULL";"NULL";"NULL";"NULL";"NULL";"87";"2";"descricao_investimento";"PERCENTUAL DE INVESTIMENTO:";"2%";"2.0000";"%";"NULL";"NULL";"27";"PERCENTUAL DE INVESTIMENTO: | 2%"
"29";"1";"Base JBP e acordos comerciais.xlsx";"2026-03-13 09:08:13";"31";"IMPERIAL";"1";"IMPERIAL SUPERMERCADOS";"PLANO DE NEGÓCIOS";"NULL";"JULHO/25 À DEZ/26";"NULL";"NULL";"JULHO/25 À DEZ/26";"nao_interpretado";"NULL";"NULL";"NULL";"NULL";"NULL";"88";"3";"descricao_investimento";"FORMA DE PAGAMENTO";"DEPÓSITO EM CONTA (INFORMAR CONTA)";"NULL";"NULL";"NULL";"NULL";"30";"FORMA DE PAGAMENTO: DEPÓSITO EM CONTA (INFORMAR CONTA)"
"30";"1";"Base JBP e acordos comerciais.xlsx";"2026-03-13 09:08:13";"31";"NICOLINI";"1";"OSMAR NICOLINI";"PLANO DE NEGÓCIOS";"NULL";"MARÇO/25 A FEVEREIRO/26";"2025-03";"2026-02";"2025-03 a 2026-02";"normalizado";"NULL";"NULL";"NULL";"NULL";"NULL";"89";"2";"descricao_investimento";"PERCENTUAL DE INVESTIMENTO:";"3,4%";"3.4000";"%";"NULL";"NULL";"47";"PERCENTUAL DE INVESTIMENTO: | 3,4%"
"30";"1";"Base JBP e acordos comerciais.xlsx";"2026-03-13 09:08:13";"31";"NICOLINI";"1";"OSMAR NICOLINI";"PLANO DE NEGÓCIOS";"NULL";"MARÇO/25 A FEVEREIRO/26";"2025-03";"2026-02";"2025-03 a 2026-02";"normalizado";"NULL";"NULL";"NULL";"NULL";"NULL";"90";"3";"descricao_investimento";"FORMA DE PAGAMENTO: DEPÓSITO EM CONTA (INFORMAR CONTA)";"DEPOSITO EM CONTA";"NULL";"NULL";"NULL";"NULL";"50";"FORMA DE PAGAMENTO: DEPÓSITO EM CONTA (INFORMAR CONTA) | DEPOSITO EM CONTA"
"31";"1";"Base JBP e acordos comerciais.xlsx";"2026-03-13 09:08:13";"31";"IMEC-DESCO";"1";"IMEC/DESCO";"JBP";"NULL";"FEVEREIRO À DEZEMBRO/26";"2026-02";"2026-12";"2026-02 a 2026-12";"normalizado";"MARÇO/26 À JANEIRO/27";"2026-03";"2027-01";"2026-03 a 2027-01";"normalizado";"91";"2";"descricao_investimento";"TOTAL DE INVESTIMENTO:";"9,6% - R$ 1.055.000,00 | (R$ 95.909,09 POR MÊS)";"NULL";"BRL";"NULL";"NULL";"35";"TOTAL DE INVESTIMENTO: | 9,6% - R$ 1.055.000,00 | (R$ 95.909,09 POR MÊS)"
"31";"1";"Base JBP e acordos comerciais.xlsx";"2026-03-13 09:08:13";"31";"IMEC-DESCO";"1";"IMEC/DESCO";"JBP";"NULL";"FEVEREIRO À DEZEMBRO/26";"2026-02";"2026-12";"2026-02 a 2026-12";"normalizado";"MARÇO/26 À JANEIRO/27";"2026-03";"2027-01";"2026-03 a 2027-01";"normalizado";"92";"3";"descricao_investimento";"INVESTIMENTO: SCANNTECH";"1,5% - R$ 165.000,00 | (R$ 15.000,00 POR MÊS)";"NULL";"BRL";"NULL";"NULL";"38";"INVESTIMENTO: SCANNTECH | 1,5% - R$ 165.000,00 | (R$ 15.000,00 POR MÊS)"
"31";"1";"Base JBP e acordos comerciais.xlsx";"2026-03-13 09:08:13";"31";"IMEC-DESCO";"1";"IMEC/DESCO";"JBP";"NULL";"FEVEREIRO À DEZEMBRO/26";"2026-02";"2026-12";"2026-02 a 2026-12";"normalizado";"MARÇO/26 À JANEIRO/27";"2026-03";"2027-01";"2026-03 a 2027-01";"normalizado";"93";"4";"descricao_investimento";"INVESTIMENTO: TRADE";"1% - R$ 110.000,00 | (R$ 10.000,00 POR MÊS)";"NULL";"BRL";"NULL";"NULL";"41";"INVESTIMENTO: TRADE | 1% - R$ 110.000,00 | (R$ 10.000,00 POR MÊS)"
"31";"1";"Base JBP e acordos comerciais.xlsx";"2026-03-13 09:08:13";"31";"IMEC-DESCO";"1";"IMEC/DESCO";"JBP";"NULL";"FEVEREIRO À DEZEMBRO/26";"2026-02";"2026-12";"2026-02 a 2026-12";"normalizado";"MARÇO/26 À JANEIRO/27";"2026-03";"2027-01";"2026-03 a 2027-01";"normalizado";"94";"5";"descricao_investimento";"INVESTIMENTO: BACK LIGHT + PONTO EXTRA/ILHA (10 LOJAS)";"2,3% - R$ 250.000,00 | (R$ 22.728,00 POR MÊS)";"NULL";"BRL";"NULL";"NULL";"44";"INVESTIMENTO: BACK LIGHT + PONTO EXTRA/ILHA (10 LOJAS) | 2,3% - R$ 250.000,00 | (R$ 22.728,00 POR MÊS)"
"31";"1";"Base JBP e acordos comerciais.xlsx";"2026-03-13 09:08:13";"31";"IMEC-DESCO";"1";"IMEC/DESCO";"JBP";"NULL";"FEVEREIRO À DEZEMBRO/26";"2026-02";"2026-12";"2026-02 a 2026-12";"normalizado";"MARÇO/26 À JANEIRO/27";"2026-03";"2027-01";"2026-03 a 2027-01";"normalizado";"95";"6";"descricao_investimento";"INVESTIMENTO: COTA MASTER DESCONTROLADOS (JUNHO/26 - DESCO)";"1,8% - R$ 200.000,00 | (R$ 18.182,00 POR MÊS)";"NULL";"BRL";"NULL";"NULL";"47";"INVESTIMENTO: COTA MASTER DESCONTROLADOS (JUNHO/26 - DESCO) | 1,8% - R$ 200.000,00 | (R$ 18.182,00 POR MÊS)"
"31";"1";"Base JBP e acordos comerciais.xlsx";"2026-03-13 09:08:13";"31";"IMEC-DESCO";"1";"IMEC/DESCO";"JBP";"NULL";"FEVEREIRO À DEZEMBRO/26";"2026-02";"2026-12";"2026-02 a 2026-12";"normalizado";"MARÇO/26 À JANEIRO/27";"2026-03";"2027-01";"2026-03 a 2027-01";"normalizado";"96";"7";"descricao_investimento";"INVESTIMENTO: COTA MASTER ANIVERSÁRIO (SETEMBRO À DEZEMBRO/26)";"2,7% - R$ 300.000,00 | (R$ 27.273,00 POR MÊS)";"NULL";"BRL";"NULL";"NULL";"50";"INVESTIMENTO: COTA MASTER ANIVERSÁRIO (SETEMBRO À DEZEMBRO/26) | 2,7% - R$ 300.000,00 | (R$ 27.273,00 POR MÊS)"
"31";"1";"Base JBP e acordos comerciais.xlsx";"2026-03-13 09:08:13";"31";"IMEC-DESCO";"1";"IMEC/DESCO";"JBP";"NULL";"FEVEREIRO À DEZEMBRO/26";"2026-02";"2026-12";"2026-02 a 2026-12";"normalizado";"MARÇO/26 À JANEIRO/27";"2026-03";"2027-01";"2026-03 a 2027-01";"normalizado";"97";"8";"descricao_investimento";"INVESTIMENTO: 6 LAMINAS EXCLUSIVA (MARÇO/ABRIL/MAIO/JULHO/AGOSTO DE 26 + JAN27)";"0,3% - R$ 30.000,00 | (R$ 2.727,27 POR MÊS)";"NULL";"BRL";"NULL";"NULL";"53";"INVESTIMENTO: 6 LAMINAS EXCLUSIVA (MARÇO/ABRIL/MAIO/JULHO/AGOSTO DE 26 + JAN27) | 0,3% - R$ 30.000,00 | (R$ 2.727,27 POR MÊS)"
"32";"1";"Base JBP e acordos comerciais.xlsx";"2026-03-13 09:08:13";"31";"DIAS E KRIEGER ( POPULAR)";"1";"DIAS E KRIEGER ( POPULAR)";"PLANO DE INTRODUÇÃO";"NULL";"NULL";"NULL";"NULL";"NULL";"NULL";"NULL";"NULL";"NULL";"NULL";"NULL";"98";"2";"descricao_investimento";"VALOR DE INVESTIMENTO TOTAL";"R$ 15.000 (PAGOS EM 4 PARCELAS DE R$ 3.750)";"NULL";"BRL";"NULL";"NULL";"27";"VALOR DE INVESTIMENTO TOTAL | R$ 15.000 (PAGOS EM 4 PARCELAS DE R$ 3.750)"
"32";"1";"Base JBP e acordos comerciais.xlsx";"2026-03-13 09:08:13";"31";"DIAS E KRIEGER ( POPULAR)";"1";"DIAS E KRIEGER ( POPULAR)";"PLANO DE INTRODUÇÃO";"NULL";"NULL";"NULL";"NULL";"NULL";"NULL";"NULL";"NULL";"NULL";"NULL";"NULL";"99";"3";"descricao_investimento";"FORMA DE PAGAMENTO:";"DEPÓSITO EM CONTA - 4 PARCELAS";"NULL";"NULL";"NULL";"NULL";"30";"FORMA DE PAGAMENTO: | DEPÓSITO EM CONTA - 4 PARCELAS"
