"formulario_id";"importacao_id";"arquivo_nome";"processado_em";"total_abas";"aba_origem";"formulario_index";"cliente";"titulo_plano";"numero_acordo";"periodo_original";"periodo_inicio";"periodo_fim";"periodo_normalizado";"periodo_status";"periodo_acoes_original";"periodo_acoes_inicio";"periodo_acoes_fim";"periodo_acoes_normalizado";"periodo_acoes_status";"objetivo_id";"linha_ordem";"tipo_registro";"ano_bloco";"descricao";"valor_original";"valor_numerico";"unidade";"gatilho_anual";"faturamento";"lava_roupas_liquido";"amaciante_concentrado";"observacao";"lado_layout";"row_excel";"linha_original"
"1";"1";"Base JBP e acordos comerciais.xlsx";"2026-03-13 09:08:13";"31";"STOK";"1";"STOK CENTER/ZAFFARI";"JBP";"NULL";"JANEIRO/25 À DEZEMBRO/25";"2025-01";"2025-12";"2025-01 a 2025-12";"normalizado";"NULL";"NULL";"NULL";"NULL";"NULL";"1";"1";"objetivo";"2025";"OBJETIVOS";"NULL";"NULL";"NULL";"NULL";"NULL";"NULL";"NULL";"NULL";"NULL";"25";"OBJETIVOS | 2025"
"1";"1";"Base JBP e acordos comerciais.xlsx";"2026-03-13 09:08:13";"31";"STOK";"1";"STOK CENTER/ZAFFARI";"JBP";"NULL";"JANEIRO/25 À DEZEMBRO/25";"2025-01";"2025-12";"2025-01 a 2025-12";"normalizado";"NULL";"NULL";"NULL";"NULL";"NULL";"2";"2";"objetivo";"2025";"OBJETIVO DE COMPRA C/ IMPOSTOS PARA 2025:";"25300000";"25300000.0000";"NULL";"NULL";"NULL";"NULL";"NULL";"NULL";"NULL";"27";"OBJETIVO DE COMPRA C/ IMPOSTOS PARA 2025: | 25300000"
"1";"1";"Base JBP e acordos comerciais.xlsx";"2026-03-13 09:08:13";"31";"STOK";"1";"STOK CENTER/ZAFFARI";"JBP";"NULL";"JANEIRO/25 À DEZEMBRO/25";"2025-01";"2025-12";"2025-01 a 2025-12";"normalizado";"NULL";"NULL";"NULL";"NULL";"NULL";"3";"3";"objetivo";"2025";"OBJETIVO DE MARGEM STOK CENTER PARA 2025:";"19%";"19.0000";"%";"NULL";"NULL";"NULL";"NULL";"NULL";"NULL";"30";"OBJETIVO DE MARGEM STOK CENTER PARA 2025: | 19%"
"3";"1";"Base JBP e acordos comerciais.xlsx";"2026-03-13 09:08:13";"31";"RAGAN";"1";"RAGAN";"PLANO DE INTRODUÇÃO";"NULL";"NULL";"NULL";"NULL";"NULL";"NULL";"NULL";"NULL";"NULL";"NULL";"NULL";"4";"1";"objetivo";"NULL";"OBJETIVOS PARA O INVESTIMENTO";"NULL";"NULL";"NULL";"NULL";"NULL";"NULL";"NULL";"NULL";"NULL";"14";"OBJETIVOS PARA O INVESTIMENTO"
"3";"1";"Base JBP e acordos comerciais.xlsx";"2026-03-13 09:08:13";"31";"RAGAN";"1";"RAGAN";"PLANO DE INTRODUÇÃO";"NULL";"NULL";"NULL";"NULL";"NULL";"NULL";"NULL";"NULL";"NULL";"NULL";"NULL";"5";"2";"objetivo";"NULL";"OBJETIVO DE VOLUME/MÊS (CAIXAS):";"200";"200.0000";"CX";"NULL";"NULL";"NULL";"NULL";"NULL";"NULL";"16";"OBJETIVO DE VOLUME/MÊS (CAIXAS): | 200"
"3";"1";"Base JBP e acordos comerciais.xlsx";"2026-03-13 09:08:13";"31";"RAGAN";"1";"RAGAN";"PLANO DE INTRODUÇÃO";"NULL";"NULL";"NULL";"NULL";"NULL";"NULL";"NULL";"NULL";"NULL";"NULL";"NULL";"6";"3";"objetivo";"NULL";"OBJETIVO DE VOLUME/TOTAL DO PERÍODO (CAIXAS):";"1000";"1000.0000";"CX";"NULL";"NULL";"NULL";"NULL";"NULL";"NULL";"19";"OBJETIVO DE VOLUME/TOTAL DO PERÍODO (CAIXAS): | 1000"
"3";"1";"Base JBP e acordos comerciais.xlsx";"2026-03-13 09:08:13";"31";"RAGAN";"1";"RAGAN";"PLANO DE INTRODUÇÃO";"NULL";"NULL";"NULL";"NULL";"NULL";"NULL";"NULL";"NULL";"NULL";"NULL";"NULL";"7";"4";"objetivo";"NULL";"MODALIDADE DE CARREGAMENTO:";"CIF";"NULL";"NULL";"NULL";"NULL";"NULL";"NULL";"NULL";"NULL";"22";"MODALIDADE DE CARREGAMENTO: | CIF"
"4";"1";"Base JBP e acordos comerciais.xlsx";"2026-03-13 09:08:13";"31";"MASTER";"1";"MASTER ATS";"PLANO DE NEGÓCIOS";"NULL";"MARÇO À DEZEMBRO/26";"2026-03";"2026-12";"2026-03 a 2026-12";"normalizado";"NULL";"NULL";"NULL";"NULL";"NULL";"8";"1";"objetivo";"2026";"OBJETIVOS";"NULL";"NULL";"NULL";"NULL";"NULL";"NULL";"NULL";"NULL";"NULL";"22";"OBJETIVOS | 2026"
"4";"1";"Base JBP e acordos comerciais.xlsx";"2026-03-13 09:08:13";"31";"MASTER";"1";"MASTER ATS";"PLANO DE NEGÓCIOS";"NULL";"MARÇO À DEZEMBRO/26";"2026-03";"2026-12";"2026-03 a 2026-12";"normalizado";"NULL";"NULL";"NULL";"NULL";"NULL";"9";"2";"objetivo";"2026";"OBJETIVO NORTEADOR DE VOLUME/MÊS (CAIXAS):";"4200";"4200.0000";"CX";"NULL";"NULL";"NULL";"NULL";"NULL";"NULL";"24";"OBJETIVO NORTEADOR DE VOLUME/MÊS (CAIXAS): | 4200"
"4";"1";"Base JBP e acordos comerciais.xlsx";"2026-03-13 09:08:13";"31";"MASTER";"1";"MASTER ATS";"PLANO DE NEGÓCIOS";"NULL";"MARÇO À DEZEMBRO/26";"2026-03";"2026-12";"2026-03 a 2026-12";"normalizado";"NULL";"NULL";"NULL";"NULL";"NULL";"10";"3";"objetivo";"2026";"OBJETIVO NORTEADOR DE VOLUME/TOTAL DO PERÍODO (CX):";"42000";"42000.0000";"CX";"NULL";"NULL";"NULL";"NULL";"NULL";"NULL";"27";"OBJETIVO NORTEADOR DE VOLUME/TOTAL DO PERÍODO (CX): | 42000"
"4";"1";"Base JBP e acordos comerciais.xlsx";"2026-03-13 09:08:13";"31";"MASTER";"1";"MASTER ATS";"PLANO DE NEGÓCIOS";"NULL";"MARÇO À DEZEMBRO/26";"2026-03";"2026-12";"2026-03 a 2026-12";"normalizado";"NULL";"NULL";"NULL";"NULL";"NULL";"11";"4";"objetivo";"2026";"MODALIDADE DE CARREGAMENTO:";"FOB";"NULL";"NULL";"NULL";"NULL";"NULL";"NULL";"NULL";"NULL";"30";"MODALIDADE DE CARREGAMENTO: | FOB"
"6";"1";"Base JBP e acordos comerciais.xlsx";"2026-03-13 09:08:13";"31";"ITALO";"2";"ITALO SUPERMERCADOS LTDA";"PLANO DE INTRODUÇÃO";"NULL";"NULL";"NULL";"NULL";"NULL";"NULL";"NULL";"NULL";"NULL";"NULL";"NULL";"12";"1";"objetivo";"NULL";"OBJETIVOS PARA O INVESTIMENTO";"NULL";"NULL";"NULL";"NULL";"NULL";"NULL";"NULL";"NULL";"NULL";"14";"OBJETIVOS PARA O INVESTIMENTO"
"6";"1";"Base JBP e acordos comerciais.xlsx";"2026-03-13 09:08:13";"31";"ITALO";"2";"ITALO SUPERMERCADOS LTDA";"PLANO DE INTRODUÇÃO";"NULL";"NULL";"NULL";"NULL";"NULL";"NULL";"NULL";"NULL";"NULL";"NULL";"NULL";"13";"2";"objetivo";"NULL";"OBJETIVO DE VOLUME/MÊS (CAIXAS):";"1200";"1200.0000";"CX";"NULL";"NULL";"NULL";"NULL";"NULL";"NULL";"16";"OBJETIVO DE VOLUME/MÊS (CAIXAS): | 1200"
"6";"1";"Base JBP e acordos comerciais.xlsx";"2026-03-13 09:08:13";"31";"ITALO";"2";"ITALO SUPERMERCADOS LTDA";"PLANO DE INTRODUÇÃO";"NULL";"NULL";"NULL";"NULL";"NULL";"NULL";"NULL";"NULL";"NULL";"NULL";"NULL";"14";"3";"objetivo";"NULL";"OBJETIVO DE VOLUME/TOTAL DO PERÍODO (CAIXAS):";"7200";"7200.0000";"CX";"NULL";"NULL";"NULL";"NULL";"NULL";"NULL";"19";"OBJETIVO DE VOLUME/TOTAL DO PERÍODO (CAIXAS): | 7200"
"6";"1";"Base JBP e acordos comerciais.xlsx";"2026-03-13 09:08:13";"31";"ITALO";"2";"ITALO SUPERMERCADOS LTDA";"PLANO DE INTRODUÇÃO";"NULL";"NULL";"NULL";"NULL";"NULL";"NULL";"NULL";"NULL";"NULL";"NULL";"NULL";"15";"4";"objetivo";"NULL";"MODALIDADE DE CARREGAMENTO:";"CIF";"NULL";"NULL";"NULL";"NULL";"NULL";"NULL";"NULL";"NULL";"22";"MODALIDADE DE CARREGAMENTO: | CIF"
"7";"1";"Base JBP e acordos comerciais.xlsx";"2026-03-13 09:08:13";"31";"IRMAOS ZAT";"1";"IRMÃOS ZAT LTDA";"PLANO DE NEGÓCIOS";"NULL";"JANEIRO À DEZEMBRO/26";"2026-01";"2026-12";"2026-01 a 2026-12";"normalizado";"NULL";"NULL";"NULL";"NULL";"NULL";"16";"1";"objetivo_tabela";"2026";"NULL";"NULL";"NULL";"NULL";"OBJETIVO DE FAIXA 1";"3000000";"6.500cx";"2.500cx";"NULL";"NULL";"26";"OBJETIVO DE FAIXA 1 | 3000000 | 6.500cx | 2.500cx"
"7";"1";"Base JBP e acordos comerciais.xlsx";"2026-03-13 09:08:13";"31";"IRMAOS ZAT";"1";"IRMÃOS ZAT LTDA";"PLANO DE NEGÓCIOS";"NULL";"JANEIRO À DEZEMBRO/26";"2026-01";"2026-12";"2026-01 a 2026-12";"normalizado";"NULL";"NULL";"NULL";"NULL";"NULL";"17";"2";"objetivo_tabela";"2026";"NULL";"NULL";"NULL";"NULL";"OBJETIVO DE FAIXA 2";"3500000";"7.500cx";"3.000cx";"NULL";"NULL";"28";"OBJETIVO DE FAIXA 2 | 3500000 | 7.500cx | 3.000cx"
"8";"1";"Base JBP e acordos comerciais.xlsx";"2026-03-13 09:08:13";"31";"GRANDESUL";"1";"GRANDESUL";"PLANO DE NEGÓCIOS";"NULL";"JANEIRO À DEZEMBRO/26";"2026-01";"2026-12";"2026-01 a 2026-12";"normalizado";"NULL";"NULL";"NULL";"NULL";"NULL";"18";"1";"objetivo";"2026";"OBJETIVOS";"NULL";"NULL";"NULL";"NULL";"NULL";"NULL";"NULL";"NULL";"NULL";"25";"OBJETIVOS | 2026"
"8";"1";"Base JBP e acordos comerciais.xlsx";"2026-03-13 09:08:13";"31";"GRANDESUL";"1";"GRANDESUL";"PLANO DE NEGÓCIOS";"NULL";"JANEIRO À DEZEMBRO/26";"2026-01";"2026-12";"2026-01 a 2026-12";"normalizado";"NULL";"NULL";"NULL";"NULL";"NULL";"19";"2";"objetivo";"2026";"OBJETIVO DE VOLUME/MÊS (CAIXAS):";"5.800cx";"5800.0000";"CX";"NULL";"NULL";"NULL";"NULL";"NULL";"NULL";"27";"OBJETIVO DE VOLUME/MÊS (CAIXAS): | 5.800cx"
"8";"1";"Base JBP e acordos comerciais.xlsx";"2026-03-13 09:08:13";"31";"GRANDESUL";"1";"GRANDESUL";"PLANO DE NEGÓCIOS";"NULL";"JANEIRO À DEZEMBRO/26";"2026-01";"2026-12";"2026-01 a 2026-12";"normalizado";"NULL";"NULL";"NULL";"NULL";"NULL";"20";"3";"objetivo";"2026";"OBJETIVO DE VOLUME/TOTAL DO PERÍODO (CAIXAS):";"69.600cx";"69600.0000";"CX";"NULL";"NULL";"NULL";"NULL";"NULL";"NULL";"30";"OBJETIVO DE VOLUME/TOTAL DO PERÍODO (CAIXAS): | 69.600cx"
"8";"1";"Base JBP e acordos comerciais.xlsx";"2026-03-13 09:08:13";"31";"GRANDESUL";"1";"GRANDESUL";"PLANO DE NEGÓCIOS";"NULL";"JANEIRO À DEZEMBRO/26";"2026-01";"2026-12";"2026-01 a 2026-12";"normalizado";"NULL";"NULL";"NULL";"NULL";"NULL";"21";"4";"objetivo";"2026";"MODALIDADE DE CARREGAMENTO:";"FOB";"NULL";"NULL";"NULL";"NULL";"NULL";"NULL";"NULL";"NULL";"33";"MODALIDADE DE CARREGAMENTO: | FOB"
"9";"1";"Base JBP e acordos comerciais.xlsx";"2026-03-13 09:08:13";"31";"TISCHLER";"1";"TISCHLER";"PLANO DE NEGÓCIOS";"NULL";"JANEIRO À DEZEMBRO/26";"2026-01";"2026-12";"2026-01 a 2026-12";"normalizado";"NULL";"NULL";"NULL";"NULL";"NULL";"22";"1";"objetivo";"2026";"OBJETIVOS";"NULL";"NULL";"NULL";"NULL";"NULL";"NULL";"NULL";"NULL";"NULL";"28";"OBJETIVOS | 2026"
"9";"1";"Base JBP e acordos comerciais.xlsx";"2026-03-13 09:08:13";"31";"TISCHLER";"1";"TISCHLER";"PLANO DE NEGÓCIOS";"NULL";"JANEIRO À DEZEMBRO/26";"2026-01";"2026-12";"2026-01 a 2026-12";"normalizado";"NULL";"NULL";"NULL";"NULL";"NULL";"23";"2";"objetivo";"2026";"OBJETIVO DE VALOR/MÊS :";"85000";"85000.0000";"NULL";"NULL";"NULL";"NULL";"NULL";"NULL";"NULL";"30";"OBJETIVO DE VALOR/MÊS : | 85000"
"9";"1";"Base JBP e acordos comerciais.xlsx";"2026-03-13 09:08:13";"31";"TISCHLER";"1";"TISCHLER";"PLANO DE NEGÓCIOS";"NULL";"JANEIRO À DEZEMBRO/26";"2026-01";"2026-12";"2026-01 a 2026-12";"normalizado";"NULL";"NULL";"NULL";"NULL";"NULL";"24";"3";"objetivo";"2026";"OBJETIVO DE VALOR/TOTAL DO PERÍODO:";"1020000";"1020000.0000";"NULL";"NULL";"NULL";"NULL";"NULL";"NULL";"NULL";"33";"OBJETIVO DE VALOR/TOTAL DO PERÍODO: | 1020000"
"9";"1";"Base JBP e acordos comerciais.xlsx";"2026-03-13 09:08:13";"31";"TISCHLER";"1";"TISCHLER";"PLANO DE NEGÓCIOS";"NULL";"JANEIRO À DEZEMBRO/26";"2026-01";"2026-12";"2026-01 a 2026-12";"normalizado";"NULL";"NULL";"NULL";"NULL";"NULL";"25";"4";"objetivo";"2026";"OBJETIVO DE SHARE PARA 2026:";"23%";"23.0000";"%";"NULL";"NULL";"NULL";"NULL";"NULL";"NULL";"36";"OBJETIVO DE SHARE PARA 2026: | 23%"
"9";"1";"Base JBP e acordos comerciais.xlsx";"2026-03-13 09:08:13";"31";"TISCHLER";"1";"TISCHLER";"PLANO DE NEGÓCIOS";"NULL";"JANEIRO À DEZEMBRO/26";"2026-01";"2026-12";"2026-01 a 2026-12";"normalizado";"NULL";"NULL";"NULL";"NULL";"NULL";"26";"5";"objetivo";"2026";"MODALIDADE DE CARREGAMENTO:";"FOB";"NULL";"NULL";"NULL";"NULL";"NULL";"NULL";"NULL";"NULL";"39";"MODALIDADE DE CARREGAMENTO: | FOB"
"10";"1";"Base JBP e acordos comerciais.xlsx";"2026-03-13 09:08:13";"31";"REDE VIVO";"1";"REDE VIVO";"PLANO DE NEGÓCIOS";"NULL";"SETEMBRO/25 À FEVEREIRO/26";"2025-09";"2026-02";"2025-09 a 2026-02";"normalizado";"NULL";"NULL";"NULL";"NULL";"NULL";"27";"1";"objetivo";"2025";"OBJETIVOS";"NULL";"NULL";"NULL";"NULL";"NULL";"NULL";"NULL";"NULL";"NULL";"28";"OBJETIVOS | 2025"
"10";"1";"Base JBP e acordos comerciais.xlsx";"2026-03-13 09:08:13";"31";"REDE VIVO";"1";"REDE VIVO";"PLANO DE NEGÓCIOS";"NULL";"SETEMBRO/25 À FEVEREIRO/26";"2025-09";"2026-02";"2025-09 a 2026-02";"normalizado";"NULL";"NULL";"NULL";"NULL";"NULL";"28";"2";"objetivo";"2025";"OBJETIVO NORTEADOR DE VOLUME/MÊS (CAIXAS):";"6500";"6500.0000";"CX";"NULL";"NULL";"NULL";"NULL";"NULL";"NULL";"30";"OBJETIVO NORTEADOR DE VOLUME/MÊS (CAIXAS): | 6500"
"10";"1";"Base JBP e acordos comerciais.xlsx";"2026-03-13 09:08:13";"31";"REDE VIVO";"1";"REDE VIVO";"PLANO DE NEGÓCIOS";"NULL";"SETEMBRO/25 À FEVEREIRO/26";"2025-09";"2026-02";"2025-09 a 2026-02";"normalizado";"NULL";"NULL";"NULL";"NULL";"NULL";"29";"3";"objetivo";"2025";"OBJETIVO NORTEADOR DE VOLUME/TOTAL DO PERÍODO (CAIXAS):";"39000";"39000.0000";"CX";"NULL";"NULL";"NULL";"NULL";"NULL";"NULL";"33";"OBJETIVO NORTEADOR DE VOLUME/TOTAL DO PERÍODO (CAIXAS): | 39000"
"10";"1";"Base JBP e acordos comerciais.xlsx";"2026-03-13 09:08:13";"31";"REDE VIVO";"1";"REDE VIVO";"PLANO DE NEGÓCIOS";"NULL";"SETEMBRO/25 À FEVEREIRO/26";"2025-09";"2026-02";"2025-09 a 2026-02";"normalizado";"NULL";"NULL";"NULL";"NULL";"NULL";"30";"4";"objetivo";"2025";"OBJETIVO DE CRESCIMENTO EM VOLUME PARA 2025: (EM RELAÇÃO AO VOLUME DE COMPRA MÉDIA DE JAN À DEZ DE 2024)";"20%";"20.0000";"%";"NULL";"NULL";"NULL";"NULL";"NULL";"NULL";"36";"OBJETIVO DE CRESCIMENTO EM VOLUME PARA 2025: (EM RELAÇÃO AO VOLUME DE COMPRA MÉDIA DE JAN À DEZ DE 2024) | 20%"
"10";"1";"Base JBP e acordos comerciais.xlsx";"2026-03-13 09:08:13";"31";"REDE VIVO";"1";"REDE VIVO";"PLANO DE NEGÓCIOS";"NULL";"SETEMBRO/25 À FEVEREIRO/26";"2025-09";"2026-02";"2025-09 a 2026-02";"normalizado";"NULL";"NULL";"NULL";"NULL";"NULL";"31";"5";"objetivo";"2025";"OBJETIVO DE SHARE PARA 2025:";"21%";"21.0000";"%";"NULL";"NULL";"NULL";"NULL";"NULL";"NULL";"39";"OBJETIVO DE SHARE PARA 2025: | 21%"
"10";"1";"Base JBP e acordos comerciais.xlsx";"2026-03-13 09:08:13";"31";"REDE VIVO";"1";"REDE VIVO";"PLANO DE NEGÓCIOS";"NULL";"SETEMBRO/25 À FEVEREIRO/26";"2025-09";"2026-02";"2025-09 a 2026-02";"normalizado";"NULL";"NULL";"NULL";"NULL";"NULL";"32";"6";"objetivo";"2025";"MODALIDADE DE CARREGAMENTO:";"CIF";"NULL";"NULL";"NULL";"NULL";"NULL";"NULL";"NULL";"NULL";"42";"MODALIDADE DE CARREGAMENTO: | CIF"
"11";"1";"Base JBP e acordos comerciais.xlsx";"2026-03-13 09:08:13";"31";"MUNDIALMIX";"1";"MUNDIALMIX - BRASIL/IMPERATRIZ";"JBP";"NULL";"JANEIRO À DEZEMBRO/26";"2026-01";"2026-12";"2026-01 a 2026-12";"normalizado";"NULL";"NULL";"NULL";"NULL";"NULL";"33";"1";"objetivo";"2026";"OBJETIVOS";"NULL";"NULL";"NULL";"NULL";"NULL";"NULL";"NULL";"NULL";"NULL";"22";"OBJETIVOS | 2026"
"11";"1";"Base JBP e acordos comerciais.xlsx";"2026-03-13 09:08:13";"31";"MUNDIALMIX";"1";"MUNDIALMIX - BRASIL/IMPERATRIZ";"JBP";"NULL";"JANEIRO À DEZEMBRO/26";"2026-01";"2026-12";"2026-01 a 2026-12";"normalizado";"NULL";"NULL";"NULL";"NULL";"NULL";"34";"2";"objetivo";"2026";"OBJETIVO DE VOLUME/MÊS (CAIXAS):";"20.000 cx";"20000.0000";"CX";"NULL";"NULL";"NULL";"NULL";"NULL";"NULL";"24";"OBJETIVO DE VOLUME/MÊS (CAIXAS): | 20.000 cx"
"11";"1";"Base JBP e acordos comerciais.xlsx";"2026-03-13 09:08:13";"31";"MUNDIALMIX";"1";"MUNDIALMIX - BRASIL/IMPERATRIZ";"JBP";"NULL";"JANEIRO À DEZEMBRO/26";"2026-01";"2026-12";"2026-01 a 2026-12";"normalizado";"NULL";"NULL";"NULL";"NULL";"NULL";"35";"3";"objetivo";"2026";"OBJETIVO DE VOLUME/TOTAL DO PERÍODO (CAIXAS):";"240.000 cx";"240000.0000";"CX";"NULL";"NULL";"NULL";"NULL";"NULL";"NULL";"27";"OBJETIVO DE VOLUME/TOTAL DO PERÍODO (CAIXAS): | 240.000 cx"
"11";"1";"Base JBP e acordos comerciais.xlsx";"2026-03-13 09:08:13";"31";"MUNDIALMIX";"1";"MUNDIALMIX - BRASIL/IMPERATRIZ";"JBP";"NULL";"JANEIRO À DEZEMBRO/26";"2026-01";"2026-12";"2026-01 a 2026-12";"normalizado";"NULL";"NULL";"NULL";"NULL";"NULL";"36";"4";"objetivo";"2026";"MODALIDADE DE CARREGAMENTO:";"CIF";"NULL";"NULL";"NULL";"NULL";"NULL";"NULL";"NULL";"NULL";"30";"MODALIDADE DE CARREGAMENTO: | CIF"
"12";"1";"Base JBP e acordos comerciais.xlsx";"2026-03-13 09:08:13";"31";"UNIDASUL";"1";"UNIDASUL";"PLANO DE NEGÓCIOS";"NULL";"SETEMBRO À DEZEMBRO";"NULL";"NULL";"SETEMBRO À DEZEMBRO";"nao_interpretado";"NULL";"NULL";"NULL";"NULL";"NULL";"37";"1";"objetivo";"2025";"OBJETIVOS";"NULL";"NULL";"NULL";"NULL";"NULL";"NULL";"NULL";"NULL";"NULL";"24";"OBJETIVOS | 2025"
"12";"1";"Base JBP e acordos comerciais.xlsx";"2026-03-13 09:08:13";"31";"UNIDASUL";"1";"UNIDASUL";"PLANO DE NEGÓCIOS";"NULL";"SETEMBRO À DEZEMBRO";"NULL";"NULL";"SETEMBRO À DEZEMBRO";"nao_interpretado";"NULL";"NULL";"NULL";"NULL";"NULL";"38";"2";"objetivo";"2025";"OBJETIVO NORTEADOR DE VOLUME/MÊS (CAIXAS):";"12500";"12500.0000";"CX";"NULL";"NULL";"NULL";"NULL";"NULL";"NULL";"26";"OBJETIVO NORTEADOR DE VOLUME/MÊS (CAIXAS): | 12500"
"12";"1";"Base JBP e acordos comerciais.xlsx";"2026-03-13 09:08:13";"31";"UNIDASUL";"1";"UNIDASUL";"PLANO DE NEGÓCIOS";"NULL";"SETEMBRO À DEZEMBRO";"NULL";"NULL";"SETEMBRO À DEZEMBRO";"nao_interpretado";"NULL";"NULL";"NULL";"NULL";"NULL";"39";"3";"objetivo";"2025";"OBJETIVO DE VOLUME/TOTAL DO PERÍODO (CAIXAS):";"50000";"50000.0000";"CX";"NULL";"NULL";"NULL";"NULL";"NULL";"NULL";"29";"OBJETIVO DE VOLUME/TOTAL DO PERÍODO (CAIXAS): | 50000"
"12";"1";"Base JBP e acordos comerciais.xlsx";"2026-03-13 09:08:13";"31";"UNIDASUL";"1";"UNIDASUL";"PLANO DE NEGÓCIOS";"NULL";"SETEMBRO À DEZEMBRO";"NULL";"NULL";"SETEMBRO À DEZEMBRO";"nao_interpretado";"NULL";"NULL";"NULL";"NULL";"NULL";"40";"4";"objetivo";"2025";"OBJETIVO DE CRESCIMENTO EM VOLUME: (EM RELAÇÃO AO VOLUME DE COMPRA DE SET/24 À DEZ/24)";"15%";"15.0000";"%";"NULL";"NULL";"NULL";"NULL";"NULL";"NULL";"32";"OBJETIVO DE CRESCIMENTO EM VOLUME: (EM RELAÇÃO AO VOLUME DE COMPRA DE SET/24 À DEZ/24) | 15%"
"12";"1";"Base JBP e acordos comerciais.xlsx";"2026-03-13 09:08:13";"31";"UNIDASUL";"1";"UNIDASUL";"PLANO DE NEGÓCIOS";"NULL";"SETEMBRO À DEZEMBRO";"NULL";"NULL";"SETEMBRO À DEZEMBRO";"nao_interpretado";"NULL";"NULL";"NULL";"NULL";"NULL";"41";"5";"objetivo";"2025";"MODALIDADE DE CARREGAMENTO:";"FOB";"NULL";"NULL";"NULL";"NULL";"NULL";"NULL";"NULL";"NULL";"38";"MODALIDADE DE CARREGAMENTO: | FOB"
"13";"1";"Base JBP e acordos comerciais.xlsx";"2026-03-13 09:08:13";"31";"SDB COM";"1";"SDB COM. - FORT ATACADISTA";"PLANO DE NEGÓCIOS";"NULL";"JANEIRO À MARÇO/26";"2026-01";"2026-03";"2026-01 a 2026-03";"normalizado";"NULL";"NULL";"NULL";"NULL";"NULL";"42";"1";"objetivo";"2026";"OBJETIVOS";"NULL";"NULL";"NULL";"NULL";"NULL";"NULL";"NULL";"NULL";"NULL";"25";"OBJETIVOS | 2026"
"13";"1";"Base JBP e acordos comerciais.xlsx";"2026-03-13 09:08:13";"31";"SDB COM";"1";"SDB COM. - FORT ATACADISTA";"PLANO DE NEGÓCIOS";"NULL";"JANEIRO À MARÇO/26";"2026-01";"2026-03";"2026-01 a 2026-03";"normalizado";"NULL";"NULL";"NULL";"NULL";"NULL";"43";"2";"objetivo";"2026";"OBJETIVO MÉDIO EM VALOR/MÊS:";"133333";"133333.0000";"NULL";"NULL";"NULL";"NULL";"NULL";"NULL";"NULL";"27";"OBJETIVO MÉDIO EM VALOR/MÊS: | 133333"
"13";"1";"Base JBP e acordos comerciais.xlsx";"2026-03-13 09:08:13";"31";"SDB COM";"1";"SDB COM. - FORT ATACADISTA";"PLANO DE NEGÓCIOS";"NULL";"JANEIRO À MARÇO/26";"2026-01";"2026-03";"2026-01 a 2026-03";"normalizado";"NULL";"NULL";"NULL";"NULL";"NULL";"44";"3";"objetivo";"2026";"OBJETIVO TOTAL NO PERÍODO EM VALOR:";"400000";"400000.0000";"NULL";"NULL";"NULL";"NULL";"NULL";"NULL";"NULL";"30";"OBJETIVO TOTAL NO PERÍODO EM VALOR: | 400000"
"13";"1";"Base JBP e acordos comerciais.xlsx";"2026-03-13 09:08:13";"31";"SDB COM";"1";"SDB COM. - FORT ATACADISTA";"PLANO DE NEGÓCIOS";"NULL";"JANEIRO À MARÇO/26";"2026-01";"2026-03";"2026-01 a 2026-03";"normalizado";"NULL";"NULL";"NULL";"NULL";"NULL";"45";"4";"objetivo";"2026";"MODALIDADE DE CARREGAMENTO:";"CIF";"NULL";"NULL";"NULL";"NULL";"NULL";"NULL";"NULL";"NULL";"39";"MODALIDADE DE CARREGAMENTO: | CIF"
"14";"1";"Base JBP e acordos comerciais.xlsx";"2026-03-13 09:08:13";"31";"CENTERMASTERSUL";"1";"CENTERMASTERSUL";"PLANO DE NEGÓCIOS";"NULL";"JANEIRO À DEZEMBRO/26";"2026-01";"2026-12";"2026-01 a 2026-12";"normalizado";"NULL";"NULL";"NULL";"NULL";"NULL";"46";"1";"objetivo";"2026";"OBJETIVOS";"NULL";"NULL";"NULL";"NULL";"NULL";"NULL";"NULL";"NULL";"NULL";"22";"OBJETIVOS | 2026"
"14";"1";"Base JBP e acordos comerciais.xlsx";"2026-03-13 09:08:13";"31";"CENTERMASTERSUL";"1";"CENTERMASTERSUL";"PLANO DE NEGÓCIOS";"NULL";"JANEIRO À DEZEMBRO/26";"2026-01";"2026-12";"2026-01 a 2026-12";"normalizado";"NULL";"NULL";"NULL";"NULL";"NULL";"47";"2";"objetivo";"2026";"OBJETIVO DE VOLUME/MÊS (CAIXAS):";"250";"250.0000";"CX";"NULL";"NULL";"NULL";"NULL";"NULL";"NULL";"24";"OBJETIVO DE VOLUME/MÊS (CAIXAS): | 250"
"14";"1";"Base JBP e acordos comerciais.xlsx";"2026-03-13 09:08:13";"31";"CENTERMASTERSUL";"1";"CENTERMASTERSUL";"PLANO DE NEGÓCIOS";"NULL";"JANEIRO À DEZEMBRO/26";"2026-01";"2026-12";"2026-01 a 2026-12";"normalizado";"NULL";"NULL";"NULL";"NULL";"NULL";"48";"3";"objetivo";"2026";"OBJETIVO DE VOLUME/TOTAL DO PERÍODO (CAIXAS):";"3000";"3000.0000";"CX";"NULL";"NULL";"NULL";"NULL";"NULL";"NULL";"27";"OBJETIVO DE VOLUME/TOTAL DO PERÍODO (CAIXAS): | 3000"
"14";"1";"Base JBP e acordos comerciais.xlsx";"2026-03-13 09:08:13";"31";"CENTERMASTERSUL";"1";"CENTERMASTERSUL";"PLANO DE NEGÓCIOS";"NULL";"JANEIRO À DEZEMBRO/26";"2026-01";"2026-12";"2026-01 a 2026-12";"normalizado";"NULL";"NULL";"NULL";"NULL";"NULL";"49";"4";"objetivo";"2026";"OBJETIVO DE SHARE PARA 2026:";"15%";"15.0000";"%";"NULL";"NULL";"NULL";"NULL";"NULL";"NULL";"30";"OBJETIVO DE SHARE PARA 2026: | 15%"
"14";"1";"Base JBP e acordos comerciais.xlsx";"2026-03-13 09:08:13";"31";"CENTERMASTERSUL";"1";"CENTERMASTERSUL";"PLANO DE NEGÓCIOS";"NULL";"JANEIRO À DEZEMBRO/26";"2026-01";"2026-12";"2026-01 a 2026-12";"normalizado";"NULL";"NULL";"NULL";"NULL";"NULL";"50";"5";"objetivo";"2026";"MODALIDADE DE CARREGAMENTO:";"FOB";"NULL";"NULL";"NULL";"NULL";"NULL";"NULL";"NULL";"NULL";"33";"MODALIDADE DE CARREGAMENTO: | FOB"
"15";"1";"Base JBP e acordos comerciais.xlsx";"2026-03-13 09:08:13";"31";"MYATA";"1";"SUPERMERCADO MYATA";"PLANO DE NEGÓCIOS";"NULL";"JANEIRO A DEZEMBRO/2026";"2026-01";"2026-12";"2026-01 a 2026-12";"normalizado";"NULL";"NULL";"NULL";"NULL";"NULL";"51";"1";"objetivo";"2026";"OBJETIVOS";"NULL";"NULL";"NULL";"NULL";"NULL";"NULL";"NULL";"NULL";"NULL";"19";"OBJETIVOS | 2026"
"15";"1";"Base JBP e acordos comerciais.xlsx";"2026-03-13 09:08:13";"31";"MYATA";"1";"SUPERMERCADO MYATA";"PLANO DE NEGÓCIOS";"NULL";"JANEIRO A DEZEMBRO/2026";"2026-01";"2026-12";"2026-01 a 2026-12";"normalizado";"NULL";"NULL";"NULL";"NULL";"NULL";"52";"2";"objetivo";"2026";"OBJETIVO DE VALOR/MÊS:";"57000";"57000.0000";"NULL";"NULL";"NULL";"NULL";"NULL";"NULL";"NULL";"21";"OBJETIVO DE VALOR/MÊS: | 57000"
"15";"1";"Base JBP e acordos comerciais.xlsx";"2026-03-13 09:08:13";"31";"MYATA";"1";"SUPERMERCADO MYATA";"PLANO DE NEGÓCIOS";"NULL";"JANEIRO A DEZEMBRO/2026";"2026-01";"2026-12";"2026-01 a 2026-12";"normalizado";"NULL";"NULL";"NULL";"NULL";"NULL";"53";"3";"objetivo";"2026";"OBJETIVO DE VOLUME/TOTAL DO PERÍODO (CAIXAS):";"680000";"680000.0000";"CX";"NULL";"NULL";"NULL";"NULL";"NULL";"NULL";"24";"OBJETIVO DE VOLUME/TOTAL DO PERÍODO (CAIXAS): | 680000"
"16";"1";"Base JBP e acordos comerciais.xlsx";"2026-03-13 09:08:13";"31";"PASSARELA CENTER";"1";"PASSARELA CENTER";"JBP";"NULL";"JANEIRO À DEZEMBRO/26";"2026-01";"2026-12";"2026-01 a 2026-12";"normalizado";"NULL";"NULL";"NULL";"NULL";"NULL";"54";"1";"objetivo";"2026";"OBJETIVOS";"NULL";"NULL";"NULL";"NULL";"NULL";"NULL";"NULL";"NULL";"NULL";"20";"OBJETIVOS | 2026"
"16";"1";"Base JBP e acordos comerciais.xlsx";"2026-03-13 09:08:13";"31";"PASSARELA CENTER";"1";"PASSARELA CENTER";"JBP";"NULL";"JANEIRO À DEZEMBRO/26";"2026-01";"2026-12";"2026-01 a 2026-12";"normalizado";"NULL";"NULL";"NULL";"NULL";"NULL";"55";"2";"objetivo";"2026";"OBJETIVO DE COMPRA MENSAL (2026) VALOR:";"1304000";"1304000.0000";"NULL";"NULL";"NULL";"NULL";"NULL";"NULL";"NULL";"22";"OBJETIVO DE COMPRA MENSAL (2026) VALOR: | 1304000"
"16";"1";"Base JBP e acordos comerciais.xlsx";"2026-03-13 09:08:13";"31";"PASSARELA CENTER";"1";"PASSARELA CENTER";"JBP";"NULL";"JANEIRO À DEZEMBRO/26";"2026-01";"2026-12";"2026-01 a 2026-12";"normalizado";"NULL";"NULL";"NULL";"NULL";"NULL";"56";"3";"objetivo";"2026";"OBJETIVO DE COMPRA TOTAL C/ CRESCIMENTO 15% (2026) VALOR:";"15640000";"15640000.0000";"%";"NULL";"NULL";"NULL";"NULL";"NULL";"NULL";"25";"OBJETIVO DE COMPRA TOTAL C/ CRESCIMENTO 15% (2026) VALOR: | 15640000"
"17";"1";"Base JBP e acordos comerciais.xlsx";"2026-03-13 09:08:13";"31";"GUANABARA";"1";"GUANABARA";"PLANO DE NEGÓCIOS";"NULL";"JANEIRO À DEZEMBRO/26";"2026-01";"2026-12";"2026-01 a 2026-12";"normalizado";"NULL";"NULL";"NULL";"NULL";"NULL";"57";"1";"objetivo";"2026";"OBJETIVOS";"NULL";"NULL";"NULL";"NULL";"NULL";"NULL";"NULL";"NULL";"NULL";"28";"OBJETIVOS | 2026"
"17";"1";"Base JBP e acordos comerciais.xlsx";"2026-03-13 09:08:13";"31";"GUANABARA";"1";"GUANABARA";"PLANO DE NEGÓCIOS";"NULL";"JANEIRO À DEZEMBRO/26";"2026-01";"2026-12";"2026-01 a 2026-12";"normalizado";"NULL";"NULL";"NULL";"NULL";"NULL";"58";"2";"objetivo";"2026";"OBJETIVO NORTEADOR DE VOLUME/MÊS (CAIXAS):";"5800";"5800.0000";"CX";"NULL";"NULL";"NULL";"NULL";"NULL";"NULL";"30";"OBJETIVO NORTEADOR DE VOLUME/MÊS (CAIXAS): | 5800"
"17";"1";"Base JBP e acordos comerciais.xlsx";"2026-03-13 09:08:13";"31";"GUANABARA";"1";"GUANABARA";"PLANO DE NEGÓCIOS";"NULL";"JANEIRO À DEZEMBRO/26";"2026-01";"2026-12";"2026-01 a 2026-12";"normalizado";"NULL";"NULL";"NULL";"NULL";"NULL";"59";"3";"objetivo";"2026";"OBJETIVO NORTEADOR DE VOLUME/TOTAL DO PERÍODO (CX):";"69600";"69600.0000";"CX";"NULL";"NULL";"NULL";"NULL";"NULL";"NULL";"33";"OBJETIVO NORTEADOR DE VOLUME/TOTAL DO PERÍODO (CX): | 69600"
"17";"1";"Base JBP e acordos comerciais.xlsx";"2026-03-13 09:08:13";"31";"GUANABARA";"1";"GUANABARA";"PLANO DE NEGÓCIOS";"NULL";"JANEIRO À DEZEMBRO/26";"2026-01";"2026-12";"2026-01 a 2026-12";"normalizado";"NULL";"NULL";"NULL";"NULL";"NULL";"60";"4";"objetivo";"2026";"OBJETIVO DE CRESCIMENTO EM VOLUME PARA 2026: (EM RELAÇÃO AO VOLUME DE COMPRA MÉDIA DE JAN À SET DE 2025)";"6%";"6.0000";"%";"NULL";"NULL";"NULL";"NULL";"NULL";"NULL";"36";"OBJETIVO DE CRESCIMENTO EM VOLUME PARA 2026: (EM RELAÇÃO AO VOLUME DE COMPRA MÉDIA DE JAN À SET DE 2025) | 6%"
"17";"1";"Base JBP e acordos comerciais.xlsx";"2026-03-13 09:08:13";"31";"GUANABARA";"1";"GUANABARA";"PLANO DE NEGÓCIOS";"NULL";"JANEIRO À DEZEMBRO/26";"2026-01";"2026-12";"2026-01 a 2026-12";"normalizado";"NULL";"NULL";"NULL";"NULL";"NULL";"61";"5";"objetivo";"2026";"OBJETIVO DE SHARE PARA 2026:";"22%";"22.0000";"%";"NULL";"NULL";"NULL";"NULL";"NULL";"NULL";"39";"OBJETIVO DE SHARE PARA 2026: | 22%"
"17";"1";"Base JBP e acordos comerciais.xlsx";"2026-03-13 09:08:13";"31";"GUANABARA";"1";"GUANABARA";"PLANO DE NEGÓCIOS";"NULL";"JANEIRO À DEZEMBRO/26";"2026-01";"2026-12";"2026-01 a 2026-12";"normalizado";"NULL";"NULL";"NULL";"NULL";"NULL";"62";"6";"objetivo";"2026";"MODALIDADE DE CARREGAMENTO:";"FOB";"NULL";"NULL";"NULL";"NULL";"NULL";"NULL";"NULL";"NULL";"42";"MODALIDADE DE CARREGAMENTO: | FOB"
"18";"1";"Base JBP e acordos comerciais.xlsx";"2026-03-13 09:08:13";"31";"TRINDADE";"1";"TRINDADE E SEHN LTDA";"PLANO DE NEGÓCIOS";"NULL";"JANEIRO À DEZEMBRO/26";"2026-01";"2026-12";"2026-01 a 2026-12";"normalizado";"NULL";"NULL";"NULL";"NULL";"NULL";"63";"1";"objetivo";"2026";"OBJETIVOS";"NULL";"NULL";"NULL";"NULL";"NULL";"NULL";"NULL";"NULL";"NULL";"28";"OBJETIVOS | 2026"
"18";"1";"Base JBP e acordos comerciais.xlsx";"2026-03-13 09:08:13";"31";"TRINDADE";"1";"TRINDADE E SEHN LTDA";"PLANO DE NEGÓCIOS";"NULL";"JANEIRO À DEZEMBRO/26";"2026-01";"2026-12";"2026-01 a 2026-12";"normalizado";"NULL";"NULL";"NULL";"NULL";"NULL";"64";"2";"objetivo";"2026";"OBJETIVO DE VOLUME/MÊS (CAIXAS):";"1800";"1800.0000";"CX";"NULL";"NULL";"NULL";"NULL";"NULL";"NULL";"30";"OBJETIVO DE VOLUME/MÊS (CAIXAS): | 1800"
"18";"1";"Base JBP e acordos comerciais.xlsx";"2026-03-13 09:08:13";"31";"TRINDADE";"1";"TRINDADE E SEHN LTDA";"PLANO DE NEGÓCIOS";"NULL";"JANEIRO À DEZEMBRO/26";"2026-01";"2026-12";"2026-01 a 2026-12";"normalizado";"NULL";"NULL";"NULL";"NULL";"NULL";"65";"3";"objetivo";"2026";"OBJETIVO DE VOLUME/TOTAL DO PERÍODO (CAIXAS):";"21600";"21600.0000";"CX";"NULL";"NULL";"NULL";"NULL";"NULL";"NULL";"33";"OBJETIVO DE VOLUME/TOTAL DO PERÍODO (CAIXAS): | 21600"
"18";"1";"Base JBP e acordos comerciais.xlsx";"2026-03-13 09:08:13";"31";"TRINDADE";"1";"TRINDADE E SEHN LTDA";"PLANO DE NEGÓCIOS";"NULL";"JANEIRO À DEZEMBRO/26";"2026-01";"2026-12";"2026-01 a 2026-12";"normalizado";"NULL";"NULL";"NULL";"NULL";"NULL";"66";"4";"objetivo";"2026";"OBJETIVO DE CRESCIMENTO EM VOLUME PARA 2026: (EM RELAÇÃO AO VOLUME DE COMPRA MÉDIA DE Jan À Out DE 2025)";"40%";"40.0000";"%";"NULL";"NULL";"NULL";"NULL";"NULL";"NULL";"36";"OBJETIVO DE CRESCIMENTO EM VOLUME PARA 2026: (EM RELAÇÃO AO VOLUME DE COMPRA MÉDIA DE Jan À Out DE 2025) | 40%"
"18";"1";"Base JBP e acordos comerciais.xlsx";"2026-03-13 09:08:13";"31";"TRINDADE";"1";"TRINDADE E SEHN LTDA";"PLANO DE NEGÓCIOS";"NULL";"JANEIRO À DEZEMBRO/26";"2026-01";"2026-12";"2026-01 a 2026-12";"normalizado";"NULL";"NULL";"NULL";"NULL";"NULL";"67";"5";"objetivo";"2026";"OBJETIVO DE SHARE PARA 2026:";"29%";"29.0000";"%";"NULL";"NULL";"NULL";"NULL";"NULL";"NULL";"39";"OBJETIVO DE SHARE PARA 2026: | 29%"
"18";"1";"Base JBP e acordos comerciais.xlsx";"2026-03-13 09:08:13";"31";"TRINDADE";"1";"TRINDADE E SEHN LTDA";"PLANO DE NEGÓCIOS";"NULL";"JANEIRO À DEZEMBRO/26";"2026-01";"2026-12";"2026-01 a 2026-12";"normalizado";"NULL";"NULL";"NULL";"NULL";"NULL";"68";"6";"objetivo";"2026";"MODALIDADE DE CARREGAMENTO:";"FOB";"NULL";"NULL";"NULL";"NULL";"NULL";"NULL";"NULL";"NULL";"42";"MODALIDADE DE CARREGAMENTO: | FOB"
"20";"1";"Base JBP e acordos comerciais.xlsx";"2026-03-13 09:08:13";"31";"GUARAPARI";"1";"GUARAPARI";"PLANO DE INTRODUÇÃO";"NULL";"OUTUBRO/25 À MARÇO/26";"2025-10";"2026-03";"2025-10 a 2026-03";"normalizado";"NULL";"NULL";"NULL";"NULL";"NULL";"69";"1";"objetivo";"2025";"OBJETIVOS";"NULL";"NULL";"NULL";"NULL";"NULL";"NULL";"NULL";"NULL";"NULL";"24";"OBJETIVOS | 2025"
"20";"1";"Base JBP e acordos comerciais.xlsx";"2026-03-13 09:08:13";"31";"GUARAPARI";"1";"GUARAPARI";"PLANO DE INTRODUÇÃO";"NULL";"OUTUBRO/25 À MARÇO/26";"2025-10";"2026-03";"2025-10 a 2026-03";"normalizado";"NULL";"NULL";"NULL";"NULL";"NULL";"70";"2";"objetivo";"2025";"OBJETIVO NORTEADOR DE VOLUME/MÊS (CAIXAS):";"1.600cx";"1600.0000";"CX";"NULL";"NULL";"NULL";"NULL";"NULL";"NULL";"26";"OBJETIVO NORTEADOR DE VOLUME/MÊS (CAIXAS): | 1.600cx"
"20";"1";"Base JBP e acordos comerciais.xlsx";"2026-03-13 09:08:13";"31";"GUARAPARI";"1";"GUARAPARI";"PLANO DE INTRODUÇÃO";"NULL";"OUTUBRO/25 À MARÇO/26";"2025-10";"2026-03";"2025-10 a 2026-03";"normalizado";"NULL";"NULL";"NULL";"NULL";"NULL";"71";"3";"objetivo";"2025";"OBJETIVO DE VOLUME/TOTAL DO PERÍODO (CAIXAS):";"9.600CX";"9600.0000";"CX";"NULL";"NULL";"NULL";"NULL";"NULL";"NULL";"29";"OBJETIVO DE VOLUME/TOTAL DO PERÍODO (CAIXAS): | 9.600CX"
"20";"1";"Base JBP e acordos comerciais.xlsx";"2026-03-13 09:08:13";"31";"GUARAPARI";"1";"GUARAPARI";"PLANO DE INTRODUÇÃO";"NULL";"OUTUBRO/25 À MARÇO/26";"2025-10";"2026-03";"2025-10 a 2026-03";"normalizado";"NULL";"NULL";"NULL";"NULL";"NULL";"72";"4";"objetivo";"2025";"OBJETIVO DE CRESCIMENTO EM VOLUME: (EM RELAÇÃO AO VOLUME DE COMPRA MÉDIA DE OUT/24 À MAR/25)";"65%";"65.0000";"%";"NULL";"NULL";"NULL";"NULL";"NULL";"NULL";"32";"OBJETIVO DE CRESCIMENTO EM VOLUME: (EM RELAÇÃO AO VOLUME DE COMPRA MÉDIA DE OUT/24 À MAR/25) | 65%"
"20";"1";"Base JBP e acordos comerciais.xlsx";"2026-03-13 09:08:13";"31";"GUARAPARI";"1";"GUARAPARI";"PLANO DE INTRODUÇÃO";"NULL";"OUTUBRO/25 À MARÇO/26";"2025-10";"2026-03";"2025-10 a 2026-03";"normalizado";"NULL";"NULL";"NULL";"NULL";"NULL";"73";"5";"objetivo";"2025";"MODALIDADE DE CARREGAMENTO:";"FOB";"NULL";"NULL";"NULL";"NULL";"NULL";"NULL";"NULL";"NULL";"38";"MODALIDADE DE CARREGAMENTO: | FOB"
"21";"1";"Base JBP e acordos comerciais.xlsx";"2026-03-13 09:08:13";"31";"ROXO";"1";"ROXO";"PLANO DE NEGÓCIOS";"NULL";"JANEIRO À DEZEMBRO/26";"2026-01";"2026-12";"2026-01 a 2026-12";"normalizado";"NULL";"NULL";"NULL";"NULL";"NULL";"74";"1";"objetivo";"2026";"OBJETIVOS";"NULL";"NULL";"NULL";"NULL";"NULL";"NULL";"NULL";"NULL";"NULL";"25";"OBJETIVOS | 2026"
"21";"1";"Base JBP e acordos comerciais.xlsx";"2026-03-13 09:08:13";"31";"ROXO";"1";"ROXO";"PLANO DE NEGÓCIOS";"NULL";"JANEIRO À DEZEMBRO/26";"2026-01";"2026-12";"2026-01 a 2026-12";"normalizado";"NULL";"NULL";"NULL";"NULL";"NULL";"75";"2";"objetivo";"2026";"OBJETIVO DE VOLUME/MÊS (CAIXAS):";"1.800 (1 CARGA) À 2.000cx";"NULL";"CX";"NULL";"NULL";"NULL";"NULL";"NULL";"NULL";"27";"OBJETIVO DE VOLUME/MÊS (CAIXAS): | 1.800 (1 CARGA) À 2.000cx"
"21";"1";"Base JBP e acordos comerciais.xlsx";"2026-03-13 09:08:13";"31";"ROXO";"1";"ROXO";"PLANO DE NEGÓCIOS";"NULL";"JANEIRO À DEZEMBRO/26";"2026-01";"2026-12";"2026-01 a 2026-12";"normalizado";"NULL";"NULL";"NULL";"NULL";"NULL";"76";"3";"objetivo";"2026";"OBJETIVO DE VOLUME/TOTAL DO PERÍODO (CAIXAS):";"24000";"24000.0000";"CX";"NULL";"NULL";"NULL";"NULL";"NULL";"NULL";"30";"OBJETIVO DE VOLUME/TOTAL DO PERÍODO (CAIXAS): | 24000"
"21";"1";"Base JBP e acordos comerciais.xlsx";"2026-03-13 09:08:13";"31";"ROXO";"1";"ROXO";"PLANO DE NEGÓCIOS";"NULL";"JANEIRO À DEZEMBRO/26";"2026-01";"2026-12";"2026-01 a 2026-12";"normalizado";"NULL";"NULL";"NULL";"NULL";"NULL";"77";"4";"objetivo";"2026";"OBJETIVO DE SHARE PARA 2026:";"38%";"38.0000";"%";"NULL";"NULL";"NULL";"NULL";"NULL";"NULL";"33";"OBJETIVO DE SHARE PARA 2026: | 38%"
"21";"1";"Base JBP e acordos comerciais.xlsx";"2026-03-13 09:08:13";"31";"ROXO";"1";"ROXO";"PLANO DE NEGÓCIOS";"NULL";"JANEIRO À DEZEMBRO/26";"2026-01";"2026-12";"2026-01 a 2026-12";"normalizado";"NULL";"NULL";"NULL";"NULL";"NULL";"78";"5";"objetivo";"2026";"MODALIDADE DE CARREGAMENTO:";"FOB";"NULL";"NULL";"NULL";"NULL";"NULL";"NULL";"NULL";"NULL";"36";"MODALIDADE DE CARREGAMENTO: | FOB"
"23";"1";"Base JBP e acordos comerciais.xlsx";"2026-03-13 09:08:13";"31";"JEPSEN";"1";"JEPSEN";"PLANO DE NEGÓCIOS";"NULL";"JANEIRO À DEZEMBRO/26";"2026-01";"2026-12";"2026-01 a 2026-12";"normalizado";"NULL";"NULL";"NULL";"NULL";"NULL";"79";"1";"objetivo";"2026";"OBJETIVOS";"NULL";"NULL";"NULL";"NULL";"NULL";"NULL";"NULL";"NULL";"NULL";"25";"OBJETIVOS | 2026"
"23";"1";"Base JBP e acordos comerciais.xlsx";"2026-03-13 09:08:13";"31";"JEPSEN";"1";"JEPSEN";"PLANO DE NEGÓCIOS";"NULL";"JANEIRO À DEZEMBRO/26";"2026-01";"2026-12";"2026-01 a 2026-12";"normalizado";"NULL";"NULL";"NULL";"NULL";"NULL";"80";"2";"objetivo";"2026";"OBJETIVO DE VOLUME/MÊS (CAIXAS):";"1.300 (1 CARGA) À 1.500cx";"NULL";"CX";"NULL";"NULL";"NULL";"NULL";"NULL";"NULL";"27";"OBJETIVO DE VOLUME/MÊS (CAIXAS): | 1.300 (1 CARGA) À 1.500cx"
"23";"1";"Base JBP e acordos comerciais.xlsx";"2026-03-13 09:08:13";"31";"JEPSEN";"1";"JEPSEN";"PLANO DE NEGÓCIOS";"NULL";"JANEIRO À DEZEMBRO/26";"2026-01";"2026-12";"2026-01 a 2026-12";"normalizado";"NULL";"NULL";"NULL";"NULL";"NULL";"81";"3";"objetivo";"2026";"OBJETIVO DE VOLUME/TOTAL DO PERÍODO (CAIXAS):";"17.000cx";"17000.0000";"CX";"NULL";"NULL";"NULL";"NULL";"NULL";"NULL";"30";"OBJETIVO DE VOLUME/TOTAL DO PERÍODO (CAIXAS): | 17.000cx"
"23";"1";"Base JBP e acordos comerciais.xlsx";"2026-03-13 09:08:13";"31";"JEPSEN";"1";"JEPSEN";"PLANO DE NEGÓCIOS";"NULL";"JANEIRO À DEZEMBRO/26";"2026-01";"2026-12";"2026-01 a 2026-12";"normalizado";"NULL";"NULL";"NULL";"NULL";"NULL";"82";"4";"objetivo";"2026";"CRESCIMENTO PARA 2026:";"10%";"10.0000";"%";"NULL";"NULL";"NULL";"NULL";"NULL";"NULL";"33";"CRESCIMENTO PARA 2026: | 10%"
"23";"1";"Base JBP e acordos comerciais.xlsx";"2026-03-13 09:08:13";"31";"JEPSEN";"1";"JEPSEN";"PLANO DE NEGÓCIOS";"NULL";"JANEIRO À DEZEMBRO/26";"2026-01";"2026-12";"2026-01 a 2026-12";"normalizado";"NULL";"NULL";"NULL";"NULL";"NULL";"83";"5";"objetivo";"2026";"OBJETIVO DE SHARE PARA 2026:";"40%";"40.0000";"%";"NULL";"NULL";"NULL";"NULL";"NULL";"NULL";"36";"OBJETIVO DE SHARE PARA 2026: | 40%"
"23";"1";"Base JBP e acordos comerciais.xlsx";"2026-03-13 09:08:13";"31";"JEPSEN";"1";"JEPSEN";"PLANO DE NEGÓCIOS";"NULL";"JANEIRO À DEZEMBRO/26";"2026-01";"2026-12";"2026-01 a 2026-12";"normalizado";"NULL";"NULL";"NULL";"NULL";"NULL";"84";"6";"objetivo";"2026";"MODALIDADE DE CARREGAMENTO:";"FOB";"NULL";"NULL";"NULL";"NULL";"NULL";"NULL";"NULL";"NULL";"39";"MODALIDADE DE CARREGAMENTO: | FOB"
"24";"1";"Base JBP e acordos comerciais.xlsx";"2026-03-13 09:08:13";"31";"REDE AMMA";"1";"REDE AMMA";"PLANO DE INTRODUÇÃO";"NULL";"NULL";"NULL";"NULL";"NULL";"NULL";"NULL";"NULL";"NULL";"NULL";"NULL";"85";"1";"objetivo";"NULL";"OBJETIVOS PARA O INVESTIMENTO";"NULL";"NULL";"NULL";"NULL";"NULL";"NULL";"NULL";"NULL";"NULL";"14";"OBJETIVOS PARA O INVESTIMENTO"
"24";"1";"Base JBP e acordos comerciais.xlsx";"2026-03-13 09:08:13";"31";"REDE AMMA";"1";"REDE AMMA";"PLANO DE INTRODUÇÃO";"NULL";"NULL";"NULL";"NULL";"NULL";"NULL";"NULL";"NULL";"NULL";"NULL";"NULL";"86";"2";"objetivo";"NULL";"OBJETIVO DE VOLUME/MÊS (CAIXAS):";"1.500 à 1.800 (1 carga)";"NULL";"CX";"NULL";"NULL";"NULL";"NULL";"NULL";"NULL";"16";"OBJETIVO DE VOLUME/MÊS (CAIXAS): | 1.500 à 1.800 (1 carga)"
"24";"1";"Base JBP e acordos comerciais.xlsx";"2026-03-13 09:08:13";"31";"REDE AMMA";"1";"REDE AMMA";"PLANO DE INTRODUÇÃO";"NULL";"NULL";"NULL";"NULL";"NULL";"NULL";"NULL";"NULL";"NULL";"NULL";"NULL";"87";"3";"objetivo";"NULL";"OBJETIVO DE VOLUME/TOTAL DO PERÍODO (CAIXAS):";"13.200cx";"13200.0000";"CX";"NULL";"NULL";"NULL";"NULL";"NULL";"NULL";"19";"OBJETIVO DE VOLUME/TOTAL DO PERÍODO (CAIXAS): | 13.200cx"
"24";"1";"Base JBP e acordos comerciais.xlsx";"2026-03-13 09:08:13";"31";"REDE AMMA";"1";"REDE AMMA";"PLANO DE INTRODUÇÃO";"NULL";"NULL";"NULL";"NULL";"NULL";"NULL";"NULL";"NULL";"NULL";"NULL";"NULL";"88";"4";"objetivo";"NULL";"MODALIDADE DE CARREGAMENTO:";"FOB";"NULL";"NULL";"NULL";"NULL";"NULL";"NULL";"NULL";"NULL";"22";"MODALIDADE DE CARREGAMENTO: | FOB"
"26";"1";"Base JBP e acordos comerciais.xlsx";"2026-03-13 09:08:13";"31";"STOCK-ARCHER";"1";"STOCK/ARCHER";"PLANO DE NEGÓCIOS";"NULL";"JANEIRO À DEZEMBRO/26";"2026-01";"2026-12";"2026-01 a 2026-12";"normalizado";"NULL";"NULL";"NULL";"NULL";"NULL";"89";"1";"objetivo";"2026";"OBJETIVOS";"NULL";"NULL";"NULL";"NULL";"NULL";"NULL";"NULL";"NULL";"NULL";"22";"OBJETIVOS | 2026"
"26";"1";"Base JBP e acordos comerciais.xlsx";"2026-03-13 09:08:13";"31";"STOCK-ARCHER";"1";"STOCK/ARCHER";"PLANO DE NEGÓCIOS";"NULL";"JANEIRO À DEZEMBRO/26";"2026-01";"2026-12";"2026-01 a 2026-12";"normalizado";"NULL";"NULL";"NULL";"NULL";"NULL";"90";"2";"objetivo";"2026";"OBJETIVO DE VOLUME/MÊS NORTEADOR (CAIXAS):";"1400";"1400.0000";"CX";"NULL";"NULL";"NULL";"NULL";"NULL";"NULL";"24";"OBJETIVO DE VOLUME/MÊS NORTEADOR (CAIXAS): | 1400"
"26";"1";"Base JBP e acordos comerciais.xlsx";"2026-03-13 09:08:13";"31";"STOCK-ARCHER";"1";"STOCK/ARCHER";"PLANO DE NEGÓCIOS";"NULL";"JANEIRO À DEZEMBRO/26";"2026-01";"2026-12";"2026-01 a 2026-12";"normalizado";"NULL";"NULL";"NULL";"NULL";"NULL";"91";"3";"objetivo";"2026";"OBJETIVO DE VOLUME/TOTAL DO PERÍODO (CAIXAS):";"16800";"16800.0000";"CX";"NULL";"NULL";"NULL";"NULL";"NULL";"NULL";"27";"OBJETIVO DE VOLUME/TOTAL DO PERÍODO (CAIXAS): | 16800"
"26";"1";"Base JBP e acordos comerciais.xlsx";"2026-03-13 09:08:13";"31";"STOCK-ARCHER";"1";"STOCK/ARCHER";"PLANO DE NEGÓCIOS";"NULL";"JANEIRO À DEZEMBRO/26";"2026-01";"2026-12";"2026-01 a 2026-12";"normalizado";"NULL";"NULL";"NULL";"NULL";"NULL";"92";"4";"objetivo";"2026";"MODALIDADE DE CARREGAMENTO:";"CIF";"NULL";"NULL";"NULL";"NULL";"NULL";"NULL";"NULL";"NULL";"30";"MODALIDADE DE CARREGAMENTO: | CIF"
"27";"1";"Base JBP e acordos comerciais.xlsx";"2026-03-13 09:08:13";"31";"MAXFORT";"1";"MAXFORT ATACADO";"PLANO DE INTRODUÇÃO";"NULL";"NULL";"NULL";"NULL";"NULL";"NULL";"NULL";"NULL";"NULL";"NULL";"NULL";"93";"1";"objetivo";"NULL";"OBJETIVOS PARA O INVESTIMENTO";"NULL";"NULL";"NULL";"NULL";"NULL";"NULL";"NULL";"NULL";"NULL";"14";"OBJETIVOS PARA O INVESTIMENTO"
"27";"1";"Base JBP e acordos comerciais.xlsx";"2026-03-13 09:08:13";"31";"MAXFORT";"1";"MAXFORT ATACADO";"PLANO DE INTRODUÇÃO";"NULL";"NULL";"NULL";"NULL";"NULL";"NULL";"NULL";"NULL";"NULL";"NULL";"NULL";"94";"2";"objetivo";"NULL";"OBJETIVO DE VOLUME/MÊS (CAIXAS):";"600";"600.0000";"CX";"NULL";"NULL";"NULL";"NULL";"NULL";"NULL";"16";"OBJETIVO DE VOLUME/MÊS (CAIXAS): | 600"
"27";"1";"Base JBP e acordos comerciais.xlsx";"2026-03-13 09:08:13";"31";"MAXFORT";"1";"MAXFORT ATACADO";"PLANO DE INTRODUÇÃO";"NULL";"NULL";"NULL";"NULL";"NULL";"NULL";"NULL";"NULL";"NULL";"NULL";"NULL";"95";"3";"objetivo";"NULL";"OBJETIVO DE VOLUME/TOTAL DO PERÍODO (CAIXAS):";"3.000cx";"3000.0000";"CX";"NULL";"NULL";"NULL";"NULL";"NULL";"NULL";"19";"OBJETIVO DE VOLUME/TOTAL DO PERÍODO (CAIXAS): | 3.000cx"
"27";"1";"Base JBP e acordos comerciais.xlsx";"2026-03-13 09:08:13";"31";"MAXFORT";"1";"MAXFORT ATACADO";"PLANO DE INTRODUÇÃO";"NULL";"NULL";"NULL";"NULL";"NULL";"NULL";"NULL";"NULL";"NULL";"NULL";"NULL";"96";"4";"objetivo";"NULL";"MODALIDADE DE CARREGAMENTO:";"FOB";"NULL";"NULL";"NULL";"NULL";"NULL";"NULL";"NULL";"NULL";"22";"MODALIDADE DE CARREGAMENTO: | FOB"
"29";"1";"Base JBP e acordos comerciais.xlsx";"2026-03-13 09:08:13";"31";"IMPERIAL";"1";"IMPERIAL SUPERMERCADOS";"PLANO DE NEGÓCIOS";"NULL";"JULHO/25 À DEZ/26";"NULL";"NULL";"JULHO/25 À DEZ/26";"nao_interpretado";"NULL";"NULL";"NULL";"NULL";"NULL";"97";"1";"objetivo";"2024";"OBJETIVOS";"NULL";"NULL";"NULL";"NULL";"NULL";"NULL";"NULL";"NULL";"NULL";"14";"OBJETIVOS | 2024"
"29";"1";"Base JBP e acordos comerciais.xlsx";"2026-03-13 09:08:13";"31";"IMPERIAL";"1";"IMPERIAL SUPERMERCADOS";"PLANO DE NEGÓCIOS";"NULL";"JULHO/25 À DEZ/26";"NULL";"NULL";"JULHO/25 À DEZ/26";"nao_interpretado";"NULL";"NULL";"NULL";"NULL";"NULL";"98";"2";"objetivo";"2024";"OBJETIVO DE NORTEADOR VOLUME/MÊS (CAIXAS):";"1400";"1400.0000";"CX";"NULL";"NULL";"NULL";"NULL";"NULL";"NULL";"16";"OBJETIVO DE NORTEADOR VOLUME/MÊS (CAIXAS): | 1400"
"29";"1";"Base JBP e acordos comerciais.xlsx";"2026-03-13 09:08:13";"31";"IMPERIAL";"1";"IMPERIAL SUPERMERCADOS";"PLANO DE NEGÓCIOS";"NULL";"JULHO/25 À DEZ/26";"NULL";"NULL";"JULHO/25 À DEZ/26";"nao_interpretado";"NULL";"NULL";"NULL";"NULL";"NULL";"99";"3";"objetivo";"2024";"OBJETIVO DE VOLUME/TOTAL DO PERÍODO (CAIXAS):";"25200";"25200.0000";"CX";"NULL";"NULL";"NULL";"NULL";"NULL";"NULL";"19";"OBJETIVO DE VOLUME/TOTAL DO PERÍODO (CAIXAS): | 25200"
"29";"1";"Base JBP e acordos comerciais.xlsx";"2026-03-13 09:08:13";"31";"IMPERIAL";"1";"IMPERIAL SUPERMERCADOS";"PLANO DE NEGÓCIOS";"NULL";"JULHO/25 À DEZ/26";"NULL";"NULL";"JULHO/25 À DEZ/26";"nao_interpretado";"NULL";"NULL";"NULL";"NULL";"NULL";"100";"4";"objetivo";"2024";"MODALIDADE DE CARREGAMENTO:";"FOB";"NULL";"NULL";"NULL";"NULL";"NULL";"NULL";"NULL";"NULL";"22";"MODALIDADE DE CARREGAMENTO: | FOB"
"30";"1";"Base JBP e acordos comerciais.xlsx";"2026-03-13 09:08:13";"31";"NICOLINI";"1";"OSMAR NICOLINI";"PLANO DE NEGÓCIOS";"NULL";"MARÇO/25 A FEVEREIRO/26";"2025-03";"2026-02";"2025-03 a 2026-02";"normalizado";"NULL";"NULL";"NULL";"NULL";"NULL";"101";"1";"objetivo";"2025";"OBJETIVOS";"NULL";"NULL";"NULL";"NULL";"NULL";"NULL";"NULL";"NULL";"NULL";"28";"OBJETIVOS | 2025"
"30";"1";"Base JBP e acordos comerciais.xlsx";"2026-03-13 09:08:13";"31";"NICOLINI";"1";"OSMAR NICOLINI";"PLANO DE NEGÓCIOS";"NULL";"MARÇO/25 A FEVEREIRO/26";"2025-03";"2026-02";"2025-03 a 2026-02";"normalizado";"NULL";"NULL";"NULL";"NULL";"NULL";"102";"2";"objetivo";"2025";"OBJETIVO DE VOLUME/MÊS (CAIXAS):";"4713";"4713.0000";"CX";"NULL";"NULL";"NULL";"NULL";"NULL";"NULL";"30";"OBJETIVO DE VOLUME/MÊS (CAIXAS): | 4713"
"30";"1";"Base JBP e acordos comerciais.xlsx";"2026-03-13 09:08:13";"31";"NICOLINI";"1";"OSMAR NICOLINI";"PLANO DE NEGÓCIOS";"NULL";"MARÇO/25 A FEVEREIRO/26";"2025-03";"2026-02";"2025-03 a 2026-02";"normalizado";"NULL";"NULL";"NULL";"NULL";"NULL";"103";"3";"objetivo";"2025";"OBJETIVO DE VOLUME/TOTAL DO PERÍODO (CAIXAS):";"56561";"56561.0000";"CX";"NULL";"NULL";"NULL";"NULL";"NULL";"NULL";"33";"OBJETIVO DE VOLUME/TOTAL DO PERÍODO (CAIXAS): | 56561"
"30";"1";"Base JBP e acordos comerciais.xlsx";"2026-03-13 09:08:13";"31";"NICOLINI";"1";"OSMAR NICOLINI";"PLANO DE NEGÓCIOS";"NULL";"MARÇO/25 A FEVEREIRO/26";"2025-03";"2026-02";"2025-03 a 2026-02";"normalizado";"NULL";"NULL";"NULL";"NULL";"NULL";"104";"4";"objetivo";"2025";"OBJETIVO DE CRESCIMENTO EM VOLUME PARA 2025: (EM RELAÇÃO AO VOLUME DE COMPRA MÉDIA DE ___À___ DE 2024)";"25%";"25.0000";"%";"NULL";"NULL";"NULL";"NULL";"NULL";"NULL";"36";"OBJETIVO DE CRESCIMENTO EM VOLUME PARA 2025: (EM RELAÇÃO AO VOLUME DE COMPRA MÉDIA DE ___À___ DE 2024) | 25%"
"30";"1";"Base JBP e acordos comerciais.xlsx";"2026-03-13 09:08:13";"31";"NICOLINI";"1";"OSMAR NICOLINI";"PLANO DE NEGÓCIOS";"NULL";"MARÇO/25 A FEVEREIRO/26";"2025-03";"2026-02";"2025-03 a 2026-02";"normalizado";"NULL";"NULL";"NULL";"NULL";"NULL";"105";"5";"objetivo";"2025";"OBJETIVO DE SHARE PARA 2025:";"22%";"22.0000";"%";"NULL";"NULL";"NULL";"NULL";"NULL";"NULL";"39";"OBJETIVO DE SHARE PARA 2025: | 22%"
"30";"1";"Base JBP e acordos comerciais.xlsx";"2026-03-13 09:08:13";"31";"NICOLINI";"1";"OSMAR NICOLINI";"PLANO DE NEGÓCIOS";"NULL";"MARÇO/25 A FEVEREIRO/26";"2025-03";"2026-02";"2025-03 a 2026-02";"normalizado";"NULL";"NULL";"NULL";"NULL";"NULL";"106";"6";"objetivo";"2025";"MODALIDADE DE CARREGAMENTO:";"FOB";"NULL";"NULL";"NULL";"NULL";"NULL";"NULL";"NULL";"NULL";"42";"MODALIDADE DE CARREGAMENTO: | FOB"
"31";"1";"Base JBP e acordos comerciais.xlsx";"2026-03-13 09:08:13";"31";"IMEC-DESCO";"1";"IMEC/DESCO";"JBP";"NULL";"FEVEREIRO À DEZEMBRO/26";"2026-02";"2026-12";"2026-02 a 2026-12";"normalizado";"MARÇO/26 À JANEIRO/27";"2026-03";"2027-01";"2026-03 a 2027-01";"normalizado";"107";"1";"objetivo";"2026";"OBJETIVOS";"NULL";"NULL";"NULL";"NULL";"NULL";"NULL";"NULL";"NULL";"NULL";"25";"OBJETIVOS | 2026"
"31";"1";"Base JBP e acordos comerciais.xlsx";"2026-03-13 09:08:13";"31";"IMEC-DESCO";"1";"IMEC/DESCO";"JBP";"NULL";"FEVEREIRO À DEZEMBRO/26";"2026-02";"2026-12";"2026-02 a 2026-12";"normalizado";"MARÇO/26 À JANEIRO/27";"2026-03";"2027-01";"2026-03 a 2027-01";"normalizado";"108";"2";"objetivo";"2026";"OBJETIVO TOTAL EM VALOR 2026 (FEV À DEZ):";"R$ 11.000.000,00 (R$ 1.000.000,00 MÉDIA MÊS)";"NULL";"BRL";"NULL";"NULL";"NULL";"NULL";"NULL";"NULL";"27";"OBJETIVO TOTAL EM VALOR 2026 (FEV À DEZ): | R$ 11.000.000,00 (R$ 1.000.000,00 MÉDIA MÊS)"
"31";"1";"Base JBP e acordos comerciais.xlsx";"2026-03-13 09:08:13";"31";"IMEC-DESCO";"1";"IMEC/DESCO";"JBP";"NULL";"FEVEREIRO À DEZEMBRO/26";"2026-02";"2026-12";"2026-02 a 2026-12";"normalizado";"MARÇO/26 À JANEIRO/27";"2026-03";"2027-01";"2026-03 a 2027-01";"normalizado";"109";"3";"objetivo";"2026";"MODALIDADE DE CARREGAMENTO:";"FOB";"NULL";"NULL";"NULL";"NULL";"NULL";"NULL";"NULL";"NULL";"30";"MODALIDADE DE CARREGAMENTO: | FOB"
"32";"1";"Base JBP e acordos comerciais.xlsx";"2026-03-13 09:08:13";"31";"DIAS E KRIEGER ( POPULAR)";"1";"DIAS E KRIEGER ( POPULAR)";"PLANO DE INTRODUÇÃO";"NULL";"NULL";"NULL";"NULL";"NULL";"NULL";"NULL";"NULL";"NULL";"NULL";"NULL";"110";"1";"objetivo";"NULL";"OBJETIVOS PARA O INVESTIMENTO";"NULL";"NULL";"NULL";"NULL";"NULL";"NULL";"NULL";"NULL";"NULL";"14";"OBJETIVOS PARA O INVESTIMENTO"
"32";"1";"Base JBP e acordos comerciais.xlsx";"2026-03-13 09:08:13";"31";"DIAS E KRIEGER ( POPULAR)";"1";"DIAS E KRIEGER ( POPULAR)";"PLANO DE INTRODUÇÃO";"NULL";"NULL";"NULL";"NULL";"NULL";"NULL";"NULL";"NULL";"NULL";"NULL";"NULL";"111";"2";"objetivo";"NULL";"OBJETIVO DE VOLUME/MÊS (CAIXAS):";"500";"500.0000";"CX";"NULL";"NULL";"NULL";"NULL";"NULL";"NULL";"16";"OBJETIVO DE VOLUME/MÊS (CAIXAS): | 500"
"32";"1";"Base JBP e acordos comerciais.xlsx";"2026-03-13 09:08:13";"31";"DIAS E KRIEGER ( POPULAR)";"1";"DIAS E KRIEGER ( POPULAR)";"PLANO DE INTRODUÇÃO";"NULL";"NULL";"NULL";"NULL";"NULL";"NULL";"NULL";"NULL";"NULL";"NULL";"NULL";"112";"3";"objetivo";"NULL";"OBJETIVO DE VOLUME/TOTAL DO PERÍODO (CAIXAS):";"2000";"2000.0000";"CX";"NULL";"NULL";"NULL";"NULL";"NULL";"NULL";"19";"OBJETIVO DE VOLUME/TOTAL DO PERÍODO (CAIXAS): | 2000"
"32";"1";"Base JBP e acordos comerciais.xlsx";"2026-03-13 09:08:13";"31";"DIAS E KRIEGER ( POPULAR)";"1";"DIAS E KRIEGER ( POPULAR)";"PLANO DE INTRODUÇÃO";"NULL";"NULL";"NULL";"NULL";"NULL";"NULL";"NULL";"NULL";"NULL";"NULL";"NULL";"113";"4";"objetivo";"NULL";"MODALIDADE DE CARREGAMENTO:";"CIF";"NULL";"NULL";"NULL";"NULL";"NULL";"NULL";"NULL";"NULL";"22";"MODALIDADE DE CARREGAMENTO: | CIF"
